<?xml version = '1.0' encoding = 'UTF-8'?>
<UserOraclev10g class="oracle.dbtools.crest.model.design.storage.oracle.v10g.UserOraclev10g" name="ADENNIS8977" directorySegmentName="seg_0" id="583F35B5-A22F-A03B-3287-55A19F836928">
<sourceConnName>Monroe-Oracle</sourceConnName>
<sourceObjName>ADENNIS8977</sourceObjName>
<createdBy>madlin</createdBy>
<createdTime>2022-08-01 15:08:50 UTC</createdTime>
<ownerDesignName>3NF DMM</ownerDesignName>
<schemaObject>2F7F0196-0E7A-2F17-9473-16600AF252AF</schemaObject>
<defTableSpace>8C5699E1-20EA-2DA3-A635-A76A1BB0C6C8</defTableSpace>
<privileges>CREATE SESSION, CREATE TABLE, CREATE VIEW</privileges>
<quotaItems>
<QuotaItem class="oracle.dbtools.crest.model.design.storage.oracle.v10g.QuotaItemOraclev10g" name="QuotaItem1" id="9C1DD10D-5522-F7C9-19ED-F4BD2FE156E0">
<createdBy>madlin</createdBy>
<createdTime>2022-08-02 01:50:59 UTC</createdTime>
<ownerDesignName>3NF DMM</ownerDesignName>
<size>10485760</size>
<tableSpace>8C5699E1-20EA-2DA3-A635-A76A1BB0C6C8</tableSpace>
</QuotaItem>
</quotaItems>
</UserOraclev10g>