<?xml version = '1.0' encoding = 'UTF-8'?>
<Table class="oracle.dbtools.crest.model.design.relational.Table" directorySegmentName="seg_0" id="041D7833-4332-1A4A-219D-37B535811D81" schemaObject="2F7F0196-0E7A-2F17-9473-16600AF252AF" name="USER_DATA">
<sourceConnName>Monroe-Oracle</sourceConnName>
<sourceObjSchema>ADENNIS8977</sourceObjSchema>
<sourceObjName>USER_DATA</sourceObjName>
<createdBy>madlin</createdBy>
<createdTime>2022-08-01 15:08:51 UTC</createdTime>
<ownerDesignName>1NF DMM</ownerDesignName>
<allowColumnReorder>false</allowColumnReorder>
<existDependencyGenerateInDDl>true</existDependencyGenerateInDDl>
<parsed>true</parsed>
<columns itemClass="oracle.dbtools.crest.model.design.relational.Column">
<Column name="USR_NME" id="D7DB8427-424D-EDC9-8585-4CB396EC964D">
<sourceConnName>Monroe-Oracle</sourceConnName>
<sourceObjSchema>USER_DATA</sourceObjSchema>
<sourceObjName>USR_NME</sourceObjName>
<createdBy>madlin</createdBy>
<createdTime>2022-08-01 15:08:51 UTC</createdTime>
<ownerDesignName>1NF DMM</ownerDesignName>
<useDomainConstraints>false</useDomainConstraints>
<use>1</use>
<logicalDatatype>LOGDT024</logicalDatatype>
<dataTypeSize>26 BYTE</dataTypeSize>
<ownDataTypeParameters>26 BYTE,,</ownDataTypeParameters>
<autoIncrementCycle>false</autoIncrementCycle>
<dependOnForeignKeyID>9F2008B4-C28B-C769-C609-B472F2B2B020</dependOnForeignKeyID>
<isDependOnFK_AsMandatory>true</isDependOnFK_AsMandatory>
</Column>
<Column name="EML" id="2F855FCC-CFC0-8E23-C02C-1BB45FD59D11">
<sourceConnName>Monroe-Oracle</sourceConnName>
<sourceObjSchema>USER_DATA</sourceObjSchema>
<sourceObjName>EML</sourceObjName>
<createdBy>madlin</createdBy>
<createdTime>2022-08-01 15:08:51 UTC</createdTime>
<ownerDesignName>1NF DMM</ownerDesignName>
<nullsAllowed>true</nullsAllowed>
<useDomainConstraints>false</useDomainConstraints>
<use>1</use>
<logicalDatatype>LOGDT024</logicalDatatype>
<dataTypeSize>26 BYTE</dataTypeSize>
<ownDataTypeParameters>26 BYTE,,</ownDataTypeParameters>
<autoIncrementCycle>false</autoIncrementCycle>
</Column>
<Column name="COU" id="1F8622C4-9D42-5CFA-76E2-1EE08BD4BFB4">
<sourceConnName>Monroe-Oracle</sourceConnName>
<sourceObjSchema>USER_DATA</sourceObjSchema>
<sourceObjName>COU</sourceObjName>
<createdBy>madlin</createdBy>
<createdTime>2022-08-01 15:08:51 UTC</createdTime>
<ownerDesignName>1NF DMM</ownerDesignName>
<nullsAllowed>true</nullsAllowed>
<useDomainConstraints>false</useDomainConstraints>
<use>1</use>
<logicalDatatype>LOGDT024</logicalDatatype>
<dataTypeSize>26 BYTE</dataTypeSize>
<ownDataTypeParameters>26 BYTE,,</ownDataTypeParameters>
<autoIncrementCycle>false</autoIncrementCycle>
</Column>
<Column name="CRT_FRM_FB" id="2ED6DD36-CB45-4139-E31C-4A14C82BA608">
<sourceConnName>Monroe-Oracle</sourceConnName>
<sourceObjSchema>USER_DATA</sourceObjSchema>
<sourceObjName>CRT_FRM_FB</sourceObjName>
<createdBy>madlin</createdBy>
<createdTime>2022-08-01 15:08:51 UTC</createdTime>
<ownerDesignName>1NF DMM</ownerDesignName>
<nullsAllowed>true</nullsAllowed>
<useDomainConstraints>false</useDomainConstraints>
<use>1</use>
<logicalDatatype>LOGDT024</logicalDatatype>
<dataTypeSize>26 BYTE</dataTypeSize>
<ownDataTypeParameters>26 BYTE,,</ownDataTypeParameters>
<autoIncrementCycle>false</autoIncrementCycle>
</Column>
<Column name="BOD" id="8541A5A7-AB01-E1FD-FF8C-14800601E935">
<sourceConnName>Monroe-Oracle</sourceConnName>
<sourceObjSchema>USER_DATA</sourceObjSchema>
<sourceObjName>BOD</sourceObjName>
<createdBy>madlin</createdBy>
<createdTime>2022-08-01 15:08:51 UTC</createdTime>
<ownerDesignName>1NF DMM</ownerDesignName>
<nullsAllowed>true</nullsAllowed>
<useDomainConstraints>false</useDomainConstraints>
<use>1</use>
<logicalDatatype>LOGDT007</logicalDatatype>
<dataTypeSize>7</dataTypeSize>
<ownDataTypeParameters>7,,</ownDataTypeParameters>
<autoIncrementCycle>false</autoIncrementCycle>
</Column>
<Column name="GEN" id="4915E926-0DBC-42A1-D772-A21D68E5C3A1">
<sourceConnName>Monroe-Oracle</sourceConnName>
<sourceObjSchema>USER_DATA</sourceObjSchema>
<sourceObjName>GEN</sourceObjName>
<createdBy>madlin</createdBy>
<createdTime>2022-08-01 15:08:51 UTC</createdTime>
<ownerDesignName>1NF DMM</ownerDesignName>
<nullsAllowed>true</nullsAllowed>
<useDomainConstraints>false</useDomainConstraints>
<use>1</use>
<logicalDatatype>LOGDT024</logicalDatatype>
<dataTypeSize>26 BYTE</dataTypeSize>
<ownDataTypeParameters>26 BYTE,,</ownDataTypeParameters>
<autoIncrementCycle>false</autoIncrementCycle>
</Column>
<Column name="CRT_TIM" id="60A579F5-47F7-55D7-0E84-EABE4B109311">
<sourceConnName>Monroe-Oracle</sourceConnName>
<sourceObjSchema>USER_DATA</sourceObjSchema>
<sourceObjName>CRT_TIM</sourceObjName>
<createdBy>madlin</createdBy>
<createdTime>2022-08-01 15:08:51 UTC</createdTime>
<ownerDesignName>1NF DMM</ownerDesignName>
<nullsAllowed>true</nullsAllowed>
<useDomainConstraints>false</useDomainConstraints>
<use>1</use>
<logicalDatatype>LOGDT007</logicalDatatype>
<dataTypeSize>7</dataTypeSize>
<ownDataTypeParameters>7,,</ownDataTypeParameters>
<autoIncrementCycle>false</autoIncrementCycle>
</Column>
<Column name="IDENTIFIERS_USR_NME" id="A336CE6C-A93E-A3BA-0024-35C129153A32">
<createdBy>madlin</createdBy>
<createdTime>2022-08-03 12:25:05 UTC</createdTime>
<ownerDesignName>1NF DMM</ownerDesignName>
<useDomainConstraints>false</useDomainConstraints>
<use>1</use>
<logicalDatatype>LOGDT024</logicalDatatype>
<dataTypeSize>26 BYTE</dataTypeSize>
<ownDataTypeParameters>,,</ownDataTypeParameters>
<previousColumn>false</previousColumn>
<autoIncrementCycle>false</autoIncrementCycle>
<associations>
<colAssociation fkAssociation="9F2008B4-C28B-C769-C609-B472F2B2B020" referredColumn="419ECE5A-41C2-7B33-E0C4-4ABA95A72D15"/>
</associations>
</Column>
</columns>
<indexes itemClass="oracle.dbtools.crest.model.design.relational.Index">
<ind_PK_UK id="420A103C-40E0-CD7D-ABC4-84BEDAB20791" name="USER_DATA_PK">
<createdBy>madlin</createdBy>
<createdTime>2022-08-03 12:17:58 UTC</createdTime>
<ownerDesignName>1NF DMM</ownerDesignName>
<pk>true</pk>
<indexState>Primary Constraint</indexState>
<isSurrogateKey>false</isSurrogateKey>
<indexColumnUsage>
<colUsage columnID="D7DB8427-424D-EDC9-8585-4CB396EC964D"/>
</indexColumnUsage>
</ind_PK_UK>
<ind_PK_UK id="37FE3131-8A68-44A3-73B7-2E9A4C9B0363" name="USER_DATA__UN">
<createdBy>madlin</createdBy>
<createdTime>2022-08-03 12:34:48 UTC</createdTime>
<ownerDesignName>1NF DMM</ownerDesignName>
<indexState>Unique Constraint</indexState>
<isSurrogateKey>false</isSurrogateKey>
<indexColumnUsage>
<colUsage columnID="A336CE6C-A93E-A3BA-0024-35C129153A32"/>
</indexColumnUsage>
</ind_PK_UK>
<ind_PK_UK id="271A18FD-7BB9-DEEA-1F27-018E5406D0BA" name="corresponds">
<createdBy>madlin</createdBy>
<createdTime>2022-08-03 12:25:05 UTC</createdTime>
<ownerDesignName>1NF DMM</ownerDesignName>
<indexState>Foreign Key</indexState>
<isSurrogateKey>false</isSurrogateKey>
<indexColumnUsage>
<colUsage columnID="A336CE6C-A93E-A3BA-0024-35C129153A32"/>
</indexColumnUsage>
</ind_PK_UK>
</indexes>
</Table>