<?xml version = '1.0' encoding = 'UTF-8'?>
<Table class="oracle.dbtools.crest.model.design.relational.Table" directorySegmentName="seg_0" id="29AC3B66-E6F2-E008-AD50-9D8147A87A15" schemaObject="2F7F0196-0E7A-2F17-9473-16600AF252AF" name="PLAYLIST">
<sourceConnName>Monroe-Oracle</sourceConnName>
<sourceObjSchema>ADENNIS8977</sourceObjSchema>
<sourceObjName>PLAYLIST</sourceObjName>
<createdBy>madlin</createdBy>
<createdTime>2022-08-01 15:08:51 UTC</createdTime>
<ownerDesignName>1NF DMM</ownerDesignName>
<allowColumnReorder>false</allowColumnReorder>
<existDependencyGenerateInDDl>true</existDependencyGenerateInDDl>
<parsed>true</parsed>
<columns itemClass="oracle.dbtools.crest.model.design.relational.Column">
<Column name="NME" id="CD4CABF7-799D-1200-5A25-698B1D1376A2">
<sourceConnName>Monroe-Oracle</sourceConnName>
<sourceObjSchema>PLAYLIST</sourceObjSchema>
<sourceObjName>NME</sourceObjName>
<createdBy>madlin</createdBy>
<createdTime>2022-08-01 15:08:51 UTC</createdTime>
<ownerDesignName>1NF DMM</ownerDesignName>
<nullsAllowed>true</nullsAllowed>
<useDomainConstraints>false</useDomainConstraints>
<use>1</use>
<logicalDatatype>LOGDT024</logicalDatatype>
<dataTypeSize>26 BYTE</dataTypeSize>
<ownDataTypeParameters>26 BYTE,,</ownDataTypeParameters>
<autoIncrementCycle>false</autoIncrementCycle>
</Column>
<Column name="PL" id="274A483D-3719-D351-642E-8A9DD4B582FC">
<sourceConnName>Monroe-Oracle</sourceConnName>
<sourceObjSchema>PLAYLIST</sourceObjSchema>
<sourceObjName>PL</sourceObjName>
<createdBy>madlin</createdBy>
<createdTime>2022-08-01 15:08:51 UTC</createdTime>
<ownerDesignName>1NF DMM</ownerDesignName>
<nullsAllowed>true</nullsAllowed>
<useDomainConstraints>false</useDomainConstraints>
<use>1</use>
<logicalDatatype>LOGDT024</logicalDatatype>
<dataTypeSize>128 BYTE</dataTypeSize>
<ownDataTypeParameters>128 BYTE,,</ownDataTypeParameters>
<autoIncrementCycle>false</autoIncrementCycle>
</Column>
<Column name="PL_ID" id="1825CCB4-186F-0581-6806-9C302C29D3CB">
<sourceConnName>Monroe-Oracle</sourceConnName>
<sourceObjSchema>PLAYLIST</sourceObjSchema>
<sourceObjName>PL_ID</sourceObjName>
<createdBy>madlin</createdBy>
<createdTime>2022-08-01 15:08:51 UTC</createdTime>
<ownerDesignName>1NF DMM</ownerDesignName>
<useDomainConstraints>false</useDomainConstraints>
<use>1</use>
<logicalDatatype>LOGDT024</logicalDatatype>
<dataTypeSize>26 BYTE</dataTypeSize>
<ownDataTypeParameters>26 BYTE,,</ownDataTypeParameters>
<autoIncrementCycle>false</autoIncrementCycle>
</Column>
<Column name="LST_MOD_DAT" id="9F52691F-8340-EE71-DB64-601855DADEF4">
<sourceConnName>Monroe-Oracle</sourceConnName>
<sourceObjSchema>PLAYLIST</sourceObjSchema>
<sourceObjName>LST_MOD_DAT</sourceObjName>
<createdBy>madlin</createdBy>
<createdTime>2022-08-01 15:08:51 UTC</createdTime>
<ownerDesignName>1NF DMM</ownerDesignName>
<nullsAllowed>true</nullsAllowed>
<useDomainConstraints>false</useDomainConstraints>
<use>1</use>
<logicalDatatype>LOGDT024</logicalDatatype>
<dataTypeSize>26 BYTE</dataTypeSize>
<ownDataTypeParameters>26 BYTE,,</ownDataTypeParameters>
<autoIncrementCycle>false</autoIncrementCycle>
</Column>
<Column name="ITM" id="EA2D8375-1A2F-6501-7890-0FF804FE6EF0">
<sourceConnName>Monroe-Oracle</sourceConnName>
<sourceObjSchema>PLAYLIST</sourceObjSchema>
<sourceObjName>ITM</sourceObjName>
<createdBy>madlin</createdBy>
<createdTime>2022-08-01 15:08:51 UTC</createdTime>
<ownerDesignName>1NF DMM</ownerDesignName>
<nullsAllowed>true</nullsAllowed>
<useDomainConstraints>false</useDomainConstraints>
<use>1</use>
<logicalDatatype>LOGDT024</logicalDatatype>
<dataTypeSize>26 BYTE</dataTypeSize>
<ownDataTypeParameters>26 BYTE,,</ownDataTypeParameters>
<autoIncrementCycle>false</autoIncrementCycle>
</Column>
<Column name="NO_OF_FOL" id="33502BDA-6D82-D365-7BB6-5A06B3E57B0A">
<sourceConnName>Monroe-Oracle</sourceConnName>
<sourceObjSchema>PLAYLIST</sourceObjSchema>
<sourceObjName>NO_OF_FOL</sourceObjName>
<createdBy>madlin</createdBy>
<createdTime>2022-08-01 15:08:51 UTC</createdTime>
<ownerDesignName>1NF DMM</ownerDesignName>
<nullsAllowed>true</nullsAllowed>
<useDomainConstraints>false</useDomainConstraints>
<use>1</use>
<logicalDatatype>LOGDT024</logicalDatatype>
<dataTypeSize>26 BYTE</dataTypeSize>
<ownDataTypeParameters>26 BYTE,,</ownDataTypeParameters>
<autoIncrementCycle>false</autoIncrementCycle>
</Column>
<Column name="USER_DATA_USR_NME" id="202104C9-8473-9444-FB66-50544F9385F5">
<createdBy>madlin</createdBy>
<createdTime>2022-08-03 12:35:16 UTC</createdTime>
<ownerDesignName>1NF DMM</ownerDesignName>
<useDomainConstraints>false</useDomainConstraints>
<use>1</use>
<logicalDatatype>LOGDT024</logicalDatatype>
<dataTypeSize>26 BYTE</dataTypeSize>
<ownDataTypeParameters>,,</ownDataTypeParameters>
<previousColumn>false</previousColumn>
<autoIncrementCycle>false</autoIncrementCycle>
<associations>
<colAssociation fkAssociation="6ED5A087-332D-7070-1809-D0252B38F699" referredColumn="D7DB8427-424D-EDC9-8585-4CB396EC964D"/>
</associations>
</Column>
</columns>
<indexes itemClass="oracle.dbtools.crest.model.design.relational.Index">
<ind_PK_UK id="444D7087-5D60-306C-BEF7-7B3CD8DD1E89" name="PLAYLIST_PK">
<createdBy>madlin</createdBy>
<createdTime>2022-08-03 12:18:23 UTC</createdTime>
<ownerDesignName>1NF DMM</ownerDesignName>
<pk>true</pk>
<indexState>Primary Constraint</indexState>
<isSurrogateKey>false</isSurrogateKey>
<indexColumnUsage>
<colUsage columnID="1825CCB4-186F-0581-6806-9C302C29D3CB"/>
</indexColumnUsage>
</ind_PK_UK>
<ind_PK_UK id="720A34F8-BA0A-B5B9-03A2-20A409DFBE5B" name="has">
<createdBy>madlin</createdBy>
<createdTime>2022-08-03 12:35:16 UTC</createdTime>
<ownerDesignName>1NF DMM</ownerDesignName>
<indexState>Foreign Key</indexState>
<isSurrogateKey>false</isSurrogateKey>
<indexColumnUsage>
<colUsage columnID="202104C9-8473-9444-FB66-50544F9385F5"/>
</indexColumnUsage>
</ind_PK_UK>
</indexes>
</Table>