<?xml version = '1.0' encoding = 'UTF-8'?>
<Table class="oracle.dbtools.crest.model.design.relational.Table" directorySegmentName="seg_0" id="C64AB2E2-9C68-3458-8799-3F1C9BC62730" schemaObject="2F7F0196-0E7A-2F17-9473-16600AF252AF" name="YOUR_LIBRARY">
<sourceConnName>Monroe-Oracle</sourceConnName>
<sourceObjSchema>ADENNIS8977</sourceObjSchema>
<sourceObjName>YOUR_LIBRARY</sourceObjName>
<createdBy>madlin</createdBy>
<createdTime>2022-08-01 15:08:51 UTC</createdTime>
<ownerDesignName>1NF DMM</ownerDesignName>
<allowColumnReorder>false</allowColumnReorder>
<existDependencyGenerateInDDl>true</existDependencyGenerateInDDl>
<parsed>true</parsed>
<columns itemClass="oracle.dbtools.crest.model.design.relational.Column">
<Column name="NME" id="34967CC3-CDA9-A58A-8974-FBE15B3DFA5E">
<sourceConnName>Monroe-Oracle</sourceConnName>
<sourceObjSchema>YOUR_LIBRARY</sourceObjSchema>
<sourceObjName>NME</sourceObjName>
<createdBy>madlin</createdBy>
<createdTime>2022-08-01 15:08:51 UTC</createdTime>
<ownerDesignName>1NF DMM</ownerDesignName>
<nullsAllowed>true</nullsAllowed>
<useDomainConstraints>false</useDomainConstraints>
<use>1</use>
<logicalDatatype>LOGDT024</logicalDatatype>
<dataTypeSize>26 BYTE</dataTypeSize>
<ownDataTypeParameters>26 BYTE,,</ownDataTypeParameters>
<autoIncrementCycle>false</autoIncrementCycle>
</Column>
<Column name="ART_ID" id="D66E976C-1355-77A8-CF14-3A3F767E70DD">
<sourceConnName>Monroe-Oracle</sourceConnName>
<sourceObjSchema>YOUR_LIBRARY</sourceObjSchema>
<sourceObjName>ART_ID</sourceObjName>
<createdBy>madlin</createdBy>
<createdTime>2022-08-01 15:08:51 UTC</createdTime>
<ownerDesignName>1NF DMM</ownerDesignName>
<nullsAllowed>true</nullsAllowed>
<useDomainConstraints>false</useDomainConstraints>
<use>1</use>
<logicalDatatype>LOGDT019</logicalDatatype>
<dataTypePrecision>38</dataTypePrecision>
<dataTypeScale>0</dataTypeScale>
<ownDataTypeParameters>,38,0</ownDataTypeParameters>
<autoIncrementCycle>false</autoIncrementCycle>
</Column>
<Column name="ALB_ID" id="98CED03F-6231-E2CC-1CB4-0339AF76D275">
<sourceConnName>Monroe-Oracle</sourceConnName>
<sourceObjSchema>YOUR_LIBRARY</sourceObjSchema>
<sourceObjName>ALB_ID</sourceObjName>
<createdBy>madlin</createdBy>
<createdTime>2022-08-01 15:08:51 UTC</createdTime>
<ownerDesignName>1NF DMM</ownerDesignName>
<nullsAllowed>true</nullsAllowed>
<useDomainConstraints>false</useDomainConstraints>
<use>1</use>
<logicalDatatype>LOGDT019</logicalDatatype>
<dataTypePrecision>38</dataTypePrecision>
<dataTypeScale>18</dataTypeScale>
<ownDataTypeParameters>,38,18</ownDataTypeParameters>
<autoIncrementCycle>false</autoIncrementCycle>
</Column>
<Column name="TRK" id="4A9A3394-693D-12BD-EFFC-9013FA8CE7B9">
<sourceConnName>Monroe-Oracle</sourceConnName>
<sourceObjSchema>YOUR_LIBRARY</sourceObjSchema>
<sourceObjName>TRK</sourceObjName>
<createdBy>madlin</createdBy>
<createdTime>2022-08-01 15:08:51 UTC</createdTime>
<ownerDesignName>1NF DMM</ownerDesignName>
<nullsAllowed>true</nullsAllowed>
<useDomainConstraints>false</useDomainConstraints>
<use>1</use>
<logicalDatatype>LOGDT024</logicalDatatype>
<dataTypeSize>128 BYTE</dataTypeSize>
<ownDataTypeParameters>128 BYTE,,</ownDataTypeParameters>
<autoIncrementCycle>false</autoIncrementCycle>
</Column>
<Column name="TRK_URL" id="20B9C5AA-5ECA-E220-8B4C-A8B587191A16">
<sourceConnName>Monroe-Oracle</sourceConnName>
<sourceObjSchema>YOUR_LIBRARY</sourceObjSchema>
<sourceObjName>TRK_URL</sourceObjName>
<createdBy>madlin</createdBy>
<createdTime>2022-08-01 15:08:51 UTC</createdTime>
<ownerDesignName>1NF DMM</ownerDesignName>
<useDomainConstraints>false</useDomainConstraints>
<use>1</use>
<logicalDatatype>LOGDT024</logicalDatatype>
<dataTypeSize>128 BYTE</dataTypeSize>
<ownDataTypeParameters>128 BYTE,,</ownDataTypeParameters>
<autoIncrementCycle>false</autoIncrementCycle>
</Column>
<Column name="TRK_GRE" id="B1BD54E6-EB77-2865-1786-E6387CE09A91">
<sourceConnName>Monroe-Oracle</sourceConnName>
<sourceObjSchema>YOUR_LIBRARY</sourceObjSchema>
<sourceObjName>TRK_GRE</sourceObjName>
<createdBy>madlin</createdBy>
<createdTime>2022-08-02 01:50:59 UTC</createdTime>
<ownerDesignName>1NF DMM</ownerDesignName>
<importedID>31F0BA6C-1851-8DB2-82D7-F510AD12A891</importedID>
<nullsAllowed>true</nullsAllowed>
<useDomainConstraints>false</useDomainConstraints>
<use>1</use>
<logicalDatatype>LOGDT024</logicalDatatype>
<dataTypeSize>26 BYTE</dataTypeSize>
<ownDataTypeParameters>26 BYTE,,</ownDataTypeParameters>
<autoIncrementCycle>false</autoIncrementCycle>
</Column>
<Column name="STREAMING_HISTORY_TRK_URL" id="C87A83BC-42F0-06EE-3011-7A51441E9254">
<createdBy>madlin</createdBy>
<createdTime>2022-08-03 12:52:41 UTC</createdTime>
<ownerDesignName>1NF DMM</ownerDesignName>
<useDomainConstraints>false</useDomainConstraints>
<use>1</use>
<logicalDatatype>LOGDT024</logicalDatatype>
<dataTypeSize>128 BYTE</dataTypeSize>
<ownDataTypeParameters>,,</ownDataTypeParameters>
<previousColumn>false</previousColumn>
<autoIncrementCycle>false</autoIncrementCycle>
<associations>
<colAssociation fkAssociation="B7234640-17A3-F289-0075-18F3F5B01947" referredColumn="A78060BD-95F2-965E-AF1A-9A53441A3E55"/>
</associations>
</Column>
<Column name="ART" id="88430E77-DA53-37A7-DA64-A3BB25A9545B">
<createdBy>madlin</createdBy>
<createdTime>2022-08-03 14:08:14 UTC</createdTime>
<ownerDesignName>1NF DMM</ownerDesignName>
<nullsAllowed>true</nullsAllowed>
<useDomainConstraints>false</useDomainConstraints>
<use>1</use>
<logicalDatatype>LOGDT024</logicalDatatype>
<dataTypeSize>256 BYTE</dataTypeSize>
<ownDataTypeParameters>256 BYTE,,</ownDataTypeParameters>
<autoIncrementCycle>false</autoIncrementCycle>
</Column>
<Column name="ALB" id="62C910C3-259E-34F3-C2CC-8BF290313B4D">
<createdBy>madlin</createdBy>
<createdTime>2022-08-03 14:08:30 UTC</createdTime>
<ownerDesignName>1NF DMM</ownerDesignName>
<nullsAllowed>true</nullsAllowed>
<useDomainConstraints>false</useDomainConstraints>
<use>1</use>
<logicalDatatype>LOGDT024</logicalDatatype>
<dataTypeSize>256 BYTE</dataTypeSize>
<ownDataTypeParameters>256 BYTE,,</ownDataTypeParameters>
<autoIncrementCycle>false</autoIncrementCycle>
</Column>
</columns>
<indexes itemClass="oracle.dbtools.crest.model.design.relational.Index">
<ind_PK_UK id="D91CC6ED-4D9A-8FBB-066E-3060149BAF03" name="YOUR_LIBRARY_PK">
<createdBy>madlin</createdBy>
<createdTime>2022-08-03 12:19:01 UTC</createdTime>
<ownerDesignName>1NF DMM</ownerDesignName>
<pk>true</pk>
<indexState>Primary Constraint</indexState>
<isSurrogateKey>false</isSurrogateKey>
<indexColumnUsage>
<colUsage columnID="20B9C5AA-5ECA-E220-8B4C-A8B587191A16"/>
</indexColumnUsage>
</ind_PK_UK>
<ind_PK_UK id="97E79D8B-B475-0628-D381-DC9D880AF37E" name="relatesv1">
<createdBy>madlin</createdBy>
<createdTime>2022-08-03 12:52:41 UTC</createdTime>
<ownerDesignName>1NF DMM</ownerDesignName>
<indexState>Foreign Key</indexState>
<isSurrogateKey>false</isSurrogateKey>
<indexColumnUsage>
<colUsage columnID="C87A83BC-42F0-06EE-3011-7A51441E9254"/>
</indexColumnUsage>
</ind_PK_UK>
</indexes>
</Table>