<?xml version = '1.0' encoding = 'UTF-8'?>
<Diagram class="oracle.dbtools.crest.swingui.relational.DPVRelational" name="Relational_1" id="ACC79FD8-40DE-FCF3-FDB0-D7B93D8E24C2">
<createdBy>madlin</createdBy>
<modifiedBy>madlin</modifiedBy>
<createdTime>2022-08-01 15:08:50 UTC</createdTime>
<autoRoute>false</autoRoute>
<boxInbox>true</boxInbox>
<showLegend>false</showLegend>
<showLabels>false</showLabels>
<showRelAttributes>false</showRelAttributes>
<gridEnabled>false</gridEnabled>
<showGrid>false</showGrid>
<diagramColor>-1</diagramColor>
<display>false</display>
<notation>1</notation>
<objectViews>
<OView class="oracle.dbtools.crest.swingui.relational.TVTable" oid="041D7833-4332-1A4A-219D-37B535811D81" otype="Table" vid="F2FF3394-AEE8-BAFF-0C70-9F9EBD131A95">
<hideElementsInCurrentOnly>false</hideElementsInCurrentOnly>
<bounds x="35" y="157" width="294" height="193"/>
</OView>
<OView class="oracle.dbtools.crest.swingui.relational.TVTable" oid="29AC3B66-E6F2-E008-AD50-9D8147A87A15" otype="Table" vid="49EBA96A-AC94-F8F7-5FC2-BA47A6FB7CE2">
<hideElementsInCurrentOnly>false</hideElementsInCurrentOnly>
<bounds x="4" y="401" width="335" height="163"/>
</OView>
<OView class="oracle.dbtools.crest.swingui.relational.TVTable" oid="531377C5-BBAD-A546-3AD8-754314F1E89A" otype="Table" vid="7B2EFBFF-11ED-8245-DB9B-B5A49AF040B0">
<hideElementsInCurrentOnly>false</hideElementsInCurrentOnly>
<bounds x="53" y="8" width="219" height="100"/>
</OView>
<OView class="oracle.dbtools.crest.swingui.relational.TVTable" oid="6BFA1EEC-B51E-68F1-D228-4E339219C2DD" otype="Table" vid="164F3132-38B6-068D-1D64-C92E9D8616F3">
<hideElementsInCurrentOnly>false</hideElementsInCurrentOnly>
<bounds x="426" y="6" width="293" height="178"/>
</OView>
<OView class="oracle.dbtools.crest.swingui.relational.TVTable" oid="9A965CC3-5B4A-A83B-6D95-51CA93DED436" otype="Table" vid="40D8A23A-CD1B-317D-EFAF-D529B7E6764D">
<hideElementsInCurrentOnly>false</hideElementsInCurrentOnly>
<bounds x="533" y="309" width="264" height="191"/>
</OView>
<OView class="oracle.dbtools.crest.swingui.relational.TVTable" oid="C64AB2E2-9C68-3458-8799-3F1C9BC62730" otype="Table" vid="B9336167-EB12-71F9-A7EB-87912B779A92">
<hideElementsInCurrentOnly>false</hideElementsInCurrentOnly>
<bounds x="764" y="577" width="352" height="195"/>
</OView>
</objectViews>
<connectors>
<Connector class="oracle.dbtools.crest.swingui.relational.TVFKRelation" oid="0065B896-00FD-FE9B-C32F-86CA3AB5D080" otype="FKIndexAssociation" vid_source="49EBA96A-AC94-F8F7-5FC2-BA47A6FB7CE2" vid_target="40D8A23A-CD1B-317D-EFAF-D529B7E6764D">
<hideElementsInCurrentOnly>false</hideElementsInCurrentOnly>
<backgroundColor>-16777216</backgroundColor>
<lineWidth>1</lineWidth>
<points>
<point x="339" y="465"/>
<point x="533" y="465"/>
</points>
</Connector>
<Connector class="oracle.dbtools.crest.swingui.relational.TVFKRelation" oid="5C0327F9-76AC-87A5-F719-311911CE6C6C" otype="FKIndexAssociation" vid_source="7B2EFBFF-11ED-8245-DB9B-B5A49AF040B0" vid_target="164F3132-38B6-068D-1D64-C92E9D8616F3">
<hideElementsInCurrentOnly>false</hideElementsInCurrentOnly>
<backgroundColor>-16777216</backgroundColor>
<lineWidth>1</lineWidth>
<points>
<point x="272" y="58"/>
<point x="426" y="58"/>
</points>
</Connector>
<Connector class="oracle.dbtools.crest.swingui.relational.TVFKRelation" oid="6ED5A087-332D-7070-1809-D0252B38F699" otype="FKIndexAssociation" vid_source="F2FF3394-AEE8-BAFF-0C70-9F9EBD131A95" vid_target="49EBA96A-AC94-F8F7-5FC2-BA47A6FB7CE2">
<hideElementsInCurrentOnly>false</hideElementsInCurrentOnly>
<backgroundColor>-16777216</backgroundColor>
<lineWidth>1</lineWidth>
<points>
<point x="182" y="350"/>
<point x="182" y="401"/>
</points>
</Connector>
<Connector class="oracle.dbtools.crest.swingui.relational.TVFKRelation" oid="9F2008B4-C28B-C769-C609-B472F2B2B020" otype="FKIndexAssociation" vid_source="7B2EFBFF-11ED-8245-DB9B-B5A49AF040B0" vid_target="F2FF3394-AEE8-BAFF-0C70-9F9EBD131A95">
<hideElementsInCurrentOnly>false</hideElementsInCurrentOnly>
<backgroundColor>-16777216</backgroundColor>
<lineWidth>1</lineWidth>
<points>
<point x="162" y="108"/>
<point x="162" y="157"/>
</points>
</Connector>
<Connector class="oracle.dbtools.crest.swingui.relational.TVFKRelation" oid="B7234640-17A3-F289-0075-18F3F5B01947" otype="FKIndexAssociation" vid_source="40D8A23A-CD1B-317D-EFAF-D529B7E6764D" vid_target="B9336167-EB12-71F9-A7EB-87912B779A92">
<hideElementsInCurrentOnly>false</hideElementsInCurrentOnly>
<backgroundColor>-16777216</backgroundColor>
<lineWidth>1</lineWidth>
<points>
<point x="780" y="500"/>
<point x="780" y="577"/>
</points>
</Connector>
</connectors>
</Diagram>