<?xml version = '1.0' encoding = 'UTF-8'?>
<TableProxyOraclev12c class="oracle.dbtools.crest.model.design.storage.oracle.v12c.TableProxyOraclev12c" name="PLAYLIST" directorySegmentName="seg_0" id="29AC3B66-E6F2-E008-AD50-9D8147A87A15">
<createdBy>madlin</createdBy>
<createdTime>2022-08-01 15:08:51 UTC</createdTime>
<ownerDesignName>2NF DMM</ownerDesignName>
<schemaObject>2F7F0196-0E7A-2F17-9473-16600AF252AF</schemaObject>
<logging>YES</logging>
<partitionedRowMovement>DISABLE</partitionedRowMovement>
<segment>7E72B9BB-138F-7922-2EF2-601ACFC9460D</segment>
<tableSpace>8C5699E1-20EA-2DA3-A635-A76A1BB0C6C8</tableSpace>
<temporaryChanged>false</temporaryChanged>
<accessDriverType>oracle_loader</accessDriverType>
<rejectLimit></rejectLimit>
<inMemory>NO</inMemory>
<columnProxies itemClass="oracle.dbtools.crest.model.design.storage.oracle.v12c.ColumnProxyOraclev12c">
<ColumnProxy name="PL_ID" id="1825CCB4-186F-0581-6806-9C302C29D3CB">
<createdBy>madlin</createdBy>
<createdTime>2022-08-01 15:08:51 UTC</createdTime>
<ownerDesignName>2NF DMM</ownerDesignName>
</ColumnProxy>
<ColumnProxy name="USER_DATA_USR_NME" id="202104C9-8473-9444-FB66-50544F9385F5">
<createdBy>madlin</createdBy>
<createdTime>2022-08-03 12:35:16 UTC</createdTime>
<ownerDesignName>2NF DMM</ownerDesignName>
</ColumnProxy>
<ColumnProxy name="PL" id="274A483D-3719-D351-642E-8A9DD4B582FC">
<createdBy>madlin</createdBy>
<createdTime>2022-08-01 15:08:51 UTC</createdTime>
<ownerDesignName>2NF DMM</ownerDesignName>
</ColumnProxy>
<ColumnProxy name="NO_OF_FOL" id="33502BDA-6D82-D365-7BB6-5A06B3E57B0A">
<createdBy>madlin</createdBy>
<createdTime>2022-08-01 15:08:51 UTC</createdTime>
<ownerDesignName>2NF DMM</ownerDesignName>
</ColumnProxy>
<ColumnProxy name="LST_MOD_DAT" id="9F52691F-8340-EE71-DB64-601855DADEF4">
<createdBy>madlin</createdBy>
<createdTime>2022-08-01 15:08:51 UTC</createdTime>
<ownerDesignName>2NF DMM</ownerDesignName>
</ColumnProxy>
<ColumnProxy name="NME" id="CD4CABF7-799D-1200-5A25-698B1D1376A2">
<createdBy>madlin</createdBy>
<createdTime>2022-08-01 15:08:51 UTC</createdTime>
<ownerDesignName>2NF DMM</ownerDesignName>
</ColumnProxy>
<ColumnProxy name="ITM" id="EA2D8375-1A2F-6501-7890-0FF804FE6EF0">
<createdBy>madlin</createdBy>
<createdTime>2022-08-01 15:08:51 UTC</createdTime>
<ownerDesignName>2NF DMM</ownerDesignName>
</ColumnProxy>
</columnProxies>
<foreignKeys>
<ForeignKey class="oracle.dbtools.crest.model.design.storage.oracle.v10g.FKProxyOraclev10g" name="has" id="720A34F8-BA0A-B5B9-03A2-20A409DFBE5B">
<createdBy>madlin</createdBy>
<createdTime>2022-08-03 12:35:16 UTC</createdTime>
<ownerDesignName>2NF DMM</ownerDesignName>
</ForeignKey>
</foreignKeys>
<primaryKeys>
<PrimaryKey class="oracle.dbtools.crest.model.design.storage.oracle.v10g.PKProxyOraclev10g" name="PLAYLIST_PK" id="444D7087-5D60-306C-BEF7-7B3CD8DD1E89">
<createdBy>madlin</createdBy>
<createdTime>2022-08-03 12:18:23 UTC</createdTime>
<ownerDesignName>2NF DMM</ownerDesignName>
<indexSort>SORTED</indexSort>
</PrimaryKey>
</primaryKeys>
</TableProxyOraclev12c>