<?xml version = '1.0' encoding = 'UTF-8'?>
<TableProxyOraclev12c class="oracle.dbtools.crest.model.design.storage.oracle.v12c.TableProxyOraclev12c" name="IDENTIFIERS" directorySegmentName="seg_0" id="531377C5-BBAD-A546-3AD8-754314F1E89A">
<createdBy>madlin</createdBy>
<createdTime>2022-08-01 15:08:51 UTC</createdTime>
<ownerDesignName>2NF DMM</ownerDesignName>
<schemaObject>2F7F0196-0E7A-2F17-9473-16600AF252AF</schemaObject>
<logging>YES</logging>
<partitionedRowMovement>DISABLE</partitionedRowMovement>
<segment>7E72B9BB-138F-7922-2EF2-601ACFC9460D</segment>
<tableSpace>8C5699E1-20EA-2DA3-A635-A76A1BB0C6C8</tableSpace>
<temporaryChanged>false</temporaryChanged>
<accessDriverType>oracle_loader</accessDriverType>
<rejectLimit></rejectLimit>
<inMemory>NO</inMemory>
<columnProxies itemClass="oracle.dbtools.crest.model.design.storage.oracle.v12c.ColumnProxyOraclev12c">
<ColumnProxy name="ID_TYP" id="23BD910F-7283-96AD-156F-8FAC08F00628">
<createdBy>madlin</createdBy>
<createdTime>2022-08-01 15:08:51 UTC</createdTime>
<ownerDesignName>2NF DMM</ownerDesignName>
</ColumnProxy>
<ColumnProxy name="ID" id="2D8235D5-CA04-4292-AA87-E51CC6ED9A93">
<createdBy>madlin</createdBy>
<createdTime>2022-08-01 15:08:51 UTC</createdTime>
<ownerDesignName>2NF DMM</ownerDesignName>
</ColumnProxy>
<ColumnProxy name="USR_NME" id="419ECE5A-41C2-7B33-E0C4-4ABA95A72D15">
<createdBy>madlin</createdBy>
<createdTime>2022-08-01 15:08:51 UTC</createdTime>
<ownerDesignName>2NF DMM</ownerDesignName>
</ColumnProxy>
</columnProxies>
<primaryKeys>
<PrimaryKey class="oracle.dbtools.crest.model.design.storage.oracle.v10g.PKProxyOraclev10g" name="IDENTIFIERS_PK" id="84187EA9-EED7-35FB-40E6-84E5D8118C9A">
<createdBy>madlin</createdBy>
<createdTime>2022-08-03 12:17:29 UTC</createdTime>
<ownerDesignName>2NF DMM</ownerDesignName>
<indexSort>SORTED</indexSort>
</PrimaryKey>
</primaryKeys>
<uniqueKeys>
<UniqueKey class="oracle.dbtools.crest.model.design.storage.oracle.v10g.UniqueOraclev10g" name="IDENTIFIERS__UN" id="7F64679E-813E-58B5-D967-4BEFDD05DF6B">
<createdBy>madlin</createdBy>
<createdTime>2022-08-03 12:27:34 UTC</createdTime>
<ownerDesignName>2NF DMM</ownerDesignName>
<indexSort>SORTED</indexSort>
</UniqueKey>
</uniqueKeys>
</TableProxyOraclev12c>