<?xml version = '1.0' encoding = 'UTF-8'?>
<TableProxyOraclev12c class="oracle.dbtools.crest.model.design.storage.oracle.v12c.TableProxyOraclev12c" name="YOUR_LIBRARY" directorySegmentName="seg_0" id="C64AB2E2-9C68-3458-8799-3F1C9BC62730">
<createdBy>madlin</createdBy>
<createdTime>2022-08-01 15:08:51 UTC</createdTime>
<ownerDesignName>2NF DMM</ownerDesignName>
<schemaObject>2F7F0196-0E7A-2F17-9473-16600AF252AF</schemaObject>
<logging>YES</logging>
<partitionedRowMovement>DISABLE</partitionedRowMovement>
<segment>7E72B9BB-138F-7922-2EF2-601ACFC9460D</segment>
<tableSpace>8C5699E1-20EA-2DA3-A635-A76A1BB0C6C8</tableSpace>
<temporaryChanged>false</temporaryChanged>
<accessDriverType>oracle_loader</accessDriverType>
<rejectLimit></rejectLimit>
<inMemory>NO</inMemory>
<columnProxies itemClass="oracle.dbtools.crest.model.design.storage.oracle.v12c.ColumnProxyOraclev12c">
<ColumnProxy name="TRK_URL" id="20B9C5AA-5ECA-E220-8B4C-A8B587191A16">
<createdBy>madlin</createdBy>
<createdTime>2022-08-01 15:08:51 UTC</createdTime>
<ownerDesignName>2NF DMM</ownerDesignName>
</ColumnProxy>
<ColumnProxy name="NME" id="34967CC3-CDA9-A58A-8974-FBE15B3DFA5E">
<createdBy>madlin</createdBy>
<createdTime>2022-08-01 15:08:51 UTC</createdTime>
<ownerDesignName>2NF DMM</ownerDesignName>
</ColumnProxy>
<ColumnProxy name="TRK" id="4A9A3394-693D-12BD-EFFC-9013FA8CE7B9">
<createdBy>madlin</createdBy>
<createdTime>2022-08-01 15:08:51 UTC</createdTime>
<ownerDesignName>2NF DMM</ownerDesignName>
</ColumnProxy>
<ColumnProxy name="ALB_ID" id="98CED03F-6231-E2CC-1CB4-0339AF76D275">
<createdBy>madlin</createdBy>
<createdTime>2022-08-01 15:08:51 UTC</createdTime>
<ownerDesignName>2NF DMM</ownerDesignName>
</ColumnProxy>
<ColumnProxy name="TRK_GRE" id="B1BD54E6-EB77-2865-1786-E6387CE09A91">
<createdBy>madlin</createdBy>
<createdTime>2022-08-02 01:50:59 UTC</createdTime>
<ownerDesignName>2NF DMM</ownerDesignName>
</ColumnProxy>
<ColumnProxy name="STREAMING_HISTORY_TRK_URL" id="C87A83BC-42F0-06EE-3011-7A51441E9254">
<createdBy>madlin</createdBy>
<createdTime>2022-08-03 12:52:41 UTC</createdTime>
<ownerDesignName>2NF DMM</ownerDesignName>
</ColumnProxy>
<ColumnProxy name="ART_ID" id="D66E976C-1355-77A8-CF14-3A3F767E70DD">
<createdBy>madlin</createdBy>
<createdTime>2022-08-01 15:08:51 UTC</createdTime>
<ownerDesignName>2NF DMM</ownerDesignName>
</ColumnProxy>
</columnProxies>
<foreignKeys>
<ForeignKey class="oracle.dbtools.crest.model.design.storage.oracle.v10g.FKProxyOraclev10g" name="relatesv1" id="97E79D8B-B475-0628-D381-DC9D880AF37E">
<createdBy>madlin</createdBy>
<createdTime>2022-08-03 12:52:41 UTC</createdTime>
<ownerDesignName>2NF DMM</ownerDesignName>
</ForeignKey>
</foreignKeys>
<primaryKeys>
<PrimaryKey class="oracle.dbtools.crest.model.design.storage.oracle.v10g.PKProxyOraclev10g" name="YOUR_LIBRARY_PK" id="D91CC6ED-4D9A-8FBB-066E-3060149BAF03">
<createdBy>madlin</createdBy>
<createdTime>2022-08-03 12:19:01 UTC</createdTime>
<ownerDesignName>2NF DMM</ownerDesignName>
<indexSort>SORTED</indexSort>
</PrimaryKey>
</primaryKeys>
</TableProxyOraclev12c>