<?xml version = '1.0' encoding = 'UTF-8'?>
<FKIndexAssociation class="oracle.dbtools.crest.model.design.relational.FKIndexAssociation" directorySegmentName="seg_0" id="B7234640-17A3-F289-0075-18F3F5B01947" containerWithKeyObject="C64AB2E2-9C68-3458-8799-3F1C9BC62730" localFKIndex="97E79D8B-B475-0628-D381-DC9D880AF37E" name="relatesv1">
<createdBy>madlin</createdBy>
<createdTime>2022-08-03 12:52:41 UTC</createdTime>
<ownerDesignName>1NF DMM</ownerDesignName>
<referredTableLongName>ADENNIS8977.STREAMING_HISTORY</referredTableLongName>
<deleteRule>NO ACTION</deleteRule>
<referredTableID>9A965CC3-5B4A-A83B-6D95-51CA93DED436</referredTableID>
<keyObject>FE2823DC-1519-45B7-7804-3262B013810C</keyObject>
<referredKeyID>FE2823DC-1519-45B7-7804-3262B013810C</referredKeyID>
<mandatory>true</mandatory>
<refColNames>TRK_URL</refColNames>
<transferable>true</transferable>
<rely>false</rely>
<columnDependencyConstraintGenerateInDDL>true</columnDependencyConstraintGenerateInDDL>
</FKIndexAssociation>