<?xml version = '1.0' encoding = 'UTF-8'?>
<Diagram class="oracle.dbtools.crest.swingui.relational.DPVRelational" name="Relational_1" id="ACC79FD8-40DE-FCF3-FDB0-D7B93D8E24C2">
<createdBy>madlin</createdBy>
<modifiedBy>madlin</modifiedBy>
<createdTime>2022-08-01 15:08:50 UTC</createdTime>
<autoRoute>false</autoRoute>
<boxInbox>true</boxInbox>
<showLegend>false</showLegend>
<showLabels>false</showLabels>
<showRelAttributes>false</showRelAttributes>
<gridEnabled>false</gridEnabled>
<showGrid>false</showGrid>
<diagramColor>-1</diagramColor>
<display>false</display>
<notation>1</notation>
<objectViews>
<OView class="oracle.dbtools.crest.swingui.relational.TVTable" oid="041D7833-4332-1A4A-219D-37B535811D81" otype="Table" vid="F2FF3394-AEE8-BAFF-0C70-9F9EBD131A95">
<hideElementsInCurrentOnly>false</hideElementsInCurrentOnly>
<bounds x="35" y="157" width="294" height="193"/>
</OView>
<OView class="oracle.dbtools.crest.swingui.relational.TVTable" oid="15B37ADF-3773-40FD-25F7-32AD012F1247" otype="Table" vid="02627156-A3AD-BF15-EA8D-0596271894BC">
<hideElementsInCurrentOnly>false</hideElementsInCurrentOnly>
<bounds x="1191" y="580" width="301" height="105"/>
</OView>
<OView class="oracle.dbtools.crest.swingui.relational.TVTable" oid="29AC3B66-E6F2-E008-AD50-9D8147A87A15" otype="Table" vid="49EBA96A-AC94-F8F7-5FC2-BA47A6FB7CE2">
<hideElementsInCurrentOnly>false</hideElementsInCurrentOnly>
<bounds x="4" y="401" width="335" height="163"/>
</OView>
<OView class="oracle.dbtools.crest.swingui.relational.TVTable" oid="2EF61EB7-DA39-6A90-254D-3B6F39A53247" otype="Table" vid="17D14FC3-EFFD-5FFE-2762-0FE733C88A3C">
<hideElementsInCurrentOnly>false</hideElementsInCurrentOnly>
<bounds x="948" y="437" width="371" height="109"/>
</OView>
<OView class="oracle.dbtools.crest.swingui.relational.TVTable" oid="4B924FF9-9A8D-6E4B-3C12-7C4820B82D5B" otype="Table" vid="E948D80D-04F5-844D-3842-3C6CD96B7EB1">
<hideElementsInCurrentOnly>false</hideElementsInCurrentOnly>
<bounds x="1192" y="708" width="302" height="108"/>
</OView>
<OView class="oracle.dbtools.crest.swingui.relational.TVTable" oid="531377C5-BBAD-A546-3AD8-754314F1E89A" otype="Table" vid="7B2EFBFF-11ED-8245-DB9B-B5A49AF040B0">
<hideElementsInCurrentOnly>false</hideElementsInCurrentOnly>
<bounds x="53" y="8" width="219" height="100"/>
</OView>
<OView class="oracle.dbtools.crest.swingui.relational.TVTable" oid="5C350320-BDD8-0E31-0ACD-1EBCC893AB98" otype="Table" vid="6BD7C450-1D9E-5A7C-F315-094A869B3B8A">
<hideElementsInCurrentOnly>false</hideElementsInCurrentOnly>
<bounds x="45" y="644" width="276" height="192"/>
</OView>
<OView class="oracle.dbtools.crest.swingui.relational.TVTable" oid="6BFA1EEC-B51E-68F1-D228-4E339219C2DD" otype="Table" vid="164F3132-38B6-068D-1D64-C92E9D8616F3">
<hideElementsInCurrentOnly>false</hideElementsInCurrentOnly>
<bounds x="426" y="6" width="293" height="178"/>
</OView>
<OView class="oracle.dbtools.crest.swingui.relational.TVTable" oid="9A965CC3-5B4A-A83B-6D95-51CA93DED436" otype="Table" vid="40D8A23A-CD1B-317D-EFAF-D529B7E6764D">
<hideElementsInCurrentOnly>false</hideElementsInCurrentOnly>
<bounds x="532" y="317" width="264" height="164"/>
</OView>
<OView class="oracle.dbtools.crest.swingui.relational.TVTable" oid="C64AB2E2-9C68-3458-8799-3F1C9BC62730" otype="Table" vid="B9336167-EB12-71F9-A7EB-87912B779A92">
<hideElementsInCurrentOnly>false</hideElementsInCurrentOnly>
<bounds x="763" y="569" width="352" height="167"/>
</OView>
<OView class="oracle.dbtools.crest.swingui.relational.TVTable" oid="E62EF241-8F3F-8CD4-A9E3-C164C4B2FAED" otype="Table" vid="1D994F22-670E-DD5B-9585-D579A99A3970">
<hideElementsInCurrentOnly>false</hideElementsInCurrentOnly>
<bounds x="945" y="298" width="356" height="107"/>
</OView>
</objectViews>
<connectors>
<Connector class="oracle.dbtools.crest.swingui.relational.TVFKRelation" oid="0065B896-00FD-FE9B-C32F-86CA3AB5D080" otype="FKIndexAssociation" vid_source="49EBA96A-AC94-F8F7-5FC2-BA47A6FB7CE2" vid_target="40D8A23A-CD1B-317D-EFAF-D529B7E6764D">
<hideElementsInCurrentOnly>false</hideElementsInCurrentOnly>
<backgroundColor>-16777216</backgroundColor>
<lineWidth>1</lineWidth>
<points>
<point x="339" y="471"/>
<point x="532" y="471"/>
</points>
</Connector>
<Connector class="oracle.dbtools.crest.swingui.relational.TVFKRelation" oid="1F323E6D-63ED-DF22-8EDD-511703180C30" otype="FKIndexAssociation" vid_source="B9336167-EB12-71F9-A7EB-87912B779A92" vid_target="E948D80D-04F5-844D-3842-3C6CD96B7EB1">
<hideElementsInCurrentOnly>false</hideElementsInCurrentOnly>
<backgroundColor>-16777216</backgroundColor>
<lineWidth>1</lineWidth>
<points>
<point x="1115" y="722"/>
<point x="1192" y="722"/>
</points>
</Connector>
<Connector class="oracle.dbtools.crest.swingui.relational.TVFKRelation" oid="416FFC68-0155-8503-BB74-B7AAF63C0800" otype="FKIndexAssociation" vid_source="49EBA96A-AC94-F8F7-5FC2-BA47A6FB7CE2" vid_target="6BD7C450-1D9E-5A7C-F315-094A869B3B8A">
<hideElementsInCurrentOnly>false</hideElementsInCurrentOnly>
<backgroundColor>-16777216</backgroundColor>
<lineWidth>1</lineWidth>
<points>
<point x="183" y="564"/>
<point x="183" y="644"/>
</points>
</Connector>
<Connector class="oracle.dbtools.crest.swingui.relational.TVFKRelation" oid="5C0327F9-76AC-87A5-F719-311911CE6C6C" otype="FKIndexAssociation" vid_source="7B2EFBFF-11ED-8245-DB9B-B5A49AF040B0" vid_target="164F3132-38B6-068D-1D64-C92E9D8616F3">
<hideElementsInCurrentOnly>false</hideElementsInCurrentOnly>
<backgroundColor>-16777216</backgroundColor>
<lineWidth>1</lineWidth>
<points>
<point x="272" y="58"/>
<point x="426" y="58"/>
</points>
</Connector>
<Connector class="oracle.dbtools.crest.swingui.relational.TVFKRelation" oid="6C2111B9-3523-C8A2-964A-A61EE9E834DA" otype="FKIndexAssociation" vid_source="40D8A23A-CD1B-317D-EFAF-D529B7E6764D" vid_target="17D14FC3-EFFD-5FFE-2762-0FE733C88A3C">
<hideElementsInCurrentOnly>false</hideElementsInCurrentOnly>
<backgroundColor>-16777216</backgroundColor>
<lineWidth>1</lineWidth>
<points>
<point x="796" y="459"/>
<point x="948" y="459"/>
</points>
</Connector>
<Connector class="oracle.dbtools.crest.swingui.relational.TVFKRelation" oid="6ED5A087-332D-7070-1809-D0252B38F699" otype="FKIndexAssociation" vid_source="F2FF3394-AEE8-BAFF-0C70-9F9EBD131A95" vid_target="49EBA96A-AC94-F8F7-5FC2-BA47A6FB7CE2">
<hideElementsInCurrentOnly>false</hideElementsInCurrentOnly>
<backgroundColor>-16777216</backgroundColor>
<lineWidth>1</lineWidth>
<points>
<point x="182" y="350"/>
<point x="182" y="401"/>
</points>
</Connector>
<Connector class="oracle.dbtools.crest.swingui.relational.TVFKRelation" oid="89F160D7-FA21-DDC7-486E-3F34513B789D" otype="FKIndexAssociation" vid_source="B9336167-EB12-71F9-A7EB-87912B779A92" vid_target="02627156-A3AD-BF15-EA8D-0596271894BC">
<hideElementsInCurrentOnly>false</hideElementsInCurrentOnly>
<backgroundColor>-16777216</backgroundColor>
<lineWidth>1</lineWidth>
<points>
<point x="1115" y="632"/>
<point x="1191" y="632"/>
</points>
</Connector>
<Connector class="oracle.dbtools.crest.swingui.relational.TVFKRelation" oid="9F2008B4-C28B-C769-C609-B472F2B2B020" otype="FKIndexAssociation" vid_source="7B2EFBFF-11ED-8245-DB9B-B5A49AF040B0" vid_target="F2FF3394-AEE8-BAFF-0C70-9F9EBD131A95">
<hideElementsInCurrentOnly>false</hideElementsInCurrentOnly>
<backgroundColor>-16777216</backgroundColor>
<lineWidth>1</lineWidth>
<points>
<point x="162" y="108"/>
<point x="162" y="157"/>
</points>
</Connector>
<Connector class="oracle.dbtools.crest.swingui.relational.TVFKRelation" oid="B7234640-17A3-F289-0075-18F3F5B01947" otype="FKIndexAssociation" vid_source="40D8A23A-CD1B-317D-EFAF-D529B7E6764D" vid_target="B9336167-EB12-71F9-A7EB-87912B779A92">
<hideElementsInCurrentOnly>false</hideElementsInCurrentOnly>
<backgroundColor>-16777216</backgroundColor>
<lineWidth>1</lineWidth>
<points>
<point x="779" y="481"/>
<point x="779" y="569"/>
</points>
</Connector>
<Connector class="oracle.dbtools.crest.swingui.relational.TVFKRelation" oid="C8EAF79D-8864-12B8-1286-2E0F393ED533" otype="FKIndexAssociation" vid_source="40D8A23A-CD1B-317D-EFAF-D529B7E6764D" vid_target="1D994F22-670E-DD5B-9585-D579A99A3970">
<hideElementsInCurrentOnly>false</hideElementsInCurrentOnly>
<backgroundColor>-16777216</backgroundColor>
<lineWidth>1</lineWidth>
<points>
<point x="796" y="361"/>
<point x="945" y="361"/>
</points>
</Connector>
</connectors>
</Diagram>