<?xml version = '1.0' encoding = 'UTF-8'?>
<UserOraclev10g class="oracle.dbtools.crest.model.design.storage.oracle.v10g.UserOraclev10g" name="MDSYS" directorySegmentName="seg_0" id="MDSYS">
<sourceConnName>Monroe-Oracle</sourceConnName>
<sourceObjName>MDSYS</sourceObjName>
<createdBy>madlin</createdBy>
<createdTime>2022-08-01 15:08:27 UTC</createdTime>
<ownerDesignName>1NF DMM</ownerDesignName>
<schemaObject>364926F1-ADA9-89A7-E8E7-1EDB871CD69A</schemaObject>
<nullInstance>true</nullInstance>
<storableNullInstance>true</storableNullInstance>
</UserOraclev10g>