<?xml version = '1.0' encoding = 'UTF-8'?>
<Table class="oracle.dbtools.crest.model.design.relational.Table" directorySegmentName="seg_0" id="4B924FF9-9A8D-6E4B-3C12-7C4820B82D5B" schemaObject="2F7F0196-0E7A-2F17-9473-16600AF252AF" name="YOUR_LIBRARY_ARTIST_INFORMATION">
<sourceConnName>Monroe-Oracle</sourceConnName>
<sourceObjSchema>ADENNIS8977</sourceObjSchema>
<sourceObjName>YOUR_LIBRARY_ARTIST_INFORMATION</sourceObjName>
<createdBy>madlin</createdBy>
<createdTime>2022-08-01 15:08:51 UTC</createdTime>
<ownerDesignName>2NF DMM</ownerDesignName>
<allowColumnReorder>false</allowColumnReorder>
<existDependencyGenerateInDDl>true</existDependencyGenerateInDDl>
<parsed>true</parsed>
<columns itemClass="oracle.dbtools.crest.model.design.relational.Column">
<Column name="ALB_ID" id="247D13FC-3184-D54D-0548-ABB62792C143">
<sourceConnName>Monroe-Oracle</sourceConnName>
<sourceObjSchema>YOUR_LIBRARY_ARTIST_INFORMATION</sourceObjSchema>
<sourceObjName>ALB_ID</sourceObjName>
<createdBy>madlin</createdBy>
<createdTime>2022-08-01 15:08:51 UTC</createdTime>
<ownerDesignName>2NF DMM</ownerDesignName>
<useDomainConstraints>false</useDomainConstraints>
<use>1</use>
<logicalDatatype>LOGDT019</logicalDatatype>
<dataTypePrecision>38</dataTypePrecision>
<dataTypeScale>18</dataTypeScale>
<ownDataTypeParameters>,38,18</ownDataTypeParameters>
<autoIncrementCycle>false</autoIncrementCycle>
</Column>
<Column name="ALB" id="0B6E3F72-0725-251B-8C4D-8E114188B412">
<sourceConnName>Monroe-Oracle</sourceConnName>
<sourceObjSchema>YOUR_LIBRARY_ARTIST_INFORMATION</sourceObjSchema>
<sourceObjName>ALB</sourceObjName>
<createdBy>madlin</createdBy>
<createdTime>2022-08-01 15:08:51 UTC</createdTime>
<ownerDesignName>2NF DMM</ownerDesignName>
<nullsAllowed>true</nullsAllowed>
<useDomainConstraints>false</useDomainConstraints>
<use>1</use>
<logicalDatatype>LOGDT024</logicalDatatype>
<dataTypeSize>256 BYTE</dataTypeSize>
<ownDataTypeParameters>256 BYTE,,</ownDataTypeParameters>
<autoIncrementCycle>false</autoIncrementCycle>
</Column>
<Column name="YOUR_LIBRARY_TRK_URL" id="3DB724C3-C313-AB94-FA85-042BF8071247">
<createdBy>madlin</createdBy>
<createdTime>2022-08-03 13:00:20 UTC</createdTime>
<ownerDesignName>2NF DMM</ownerDesignName>
<useDomainConstraints>false</useDomainConstraints>
<use>1</use>
<logicalDatatype>LOGDT024</logicalDatatype>
<dataTypeSize>128 BYTE</dataTypeSize>
<ownDataTypeParameters>,,</ownDataTypeParameters>
<previousColumn>false</previousColumn>
<autoIncrementCycle>false</autoIncrementCycle>
<associations>
<colAssociation fkAssociation="1F323E6D-63ED-DF22-8EDD-511703180C30" referredColumn="20B9C5AA-5ECA-E220-8B4C-A8B587191A16"/>
</associations>
</Column>
</columns>
<indexes itemClass="oracle.dbtools.crest.model.design.relational.Index">
<ind_PK_UK id="9E79DC82-D848-4835-2B8C-D98F07639AD6" name="YOUR_LIBRARY_ARTIST_INFORMATION_PK">
<createdBy>madlin</createdBy>
<createdTime>2022-08-03 12:20:52 UTC</createdTime>
<ownerDesignName>2NF DMM</ownerDesignName>
<pk>true</pk>
<indexState>Primary Constraint</indexState>
<isSurrogateKey>false</isSurrogateKey>
<indexColumnUsage>
<colUsage columnID="247D13FC-3184-D54D-0548-ABB62792C143"/>
</indexColumnUsage>
</ind_PK_UK>
<ind_PK_UK id="8AF9E328-8B68-EB7B-D705-11C3164E7885" name="hasv6">
<createdBy>madlin</createdBy>
<createdTime>2022-08-03 13:00:20 UTC</createdTime>
<ownerDesignName>2NF DMM</ownerDesignName>
<indexState>Foreign Key</indexState>
<isSurrogateKey>false</isSurrogateKey>
<indexColumnUsage>
<colUsage columnID="3DB724C3-C313-AB94-FA85-042BF8071247"/>
</indexColumnUsage>
</ind_PK_UK>
</indexes>
</Table>