<?xml version = '1.0' encoding = 'UTF-8'?>
<Table class="oracle.dbtools.crest.model.design.relational.Table" directorySegmentName="seg_0" id="531377C5-BBAD-A546-3AD8-754314F1E89A" schemaObject="2F7F0196-0E7A-2F17-9473-16600AF252AF" name="IDENTIFIERS">
<sourceConnName>Monroe-Oracle</sourceConnName>
<sourceObjSchema>ADENNIS8977</sourceObjSchema>
<sourceObjName>IDENTIFIERS</sourceObjName>
<createdBy>madlin</createdBy>
<createdTime>2022-08-01 15:08:51 UTC</createdTime>
<ownerDesignName>2NF DMM</ownerDesignName>
<allowColumnReorder>false</allowColumnReorder>
<existDependencyGenerateInDDl>true</existDependencyGenerateInDDl>
<parsed>true</parsed>
<columns itemClass="oracle.dbtools.crest.model.design.relational.Column">
<Column name="USR_NME" id="419ECE5A-41C2-7B33-E0C4-4ABA95A72D15">
<sourceConnName>Monroe-Oracle</sourceConnName>
<sourceObjSchema>IDENTIFIERS</sourceObjSchema>
<sourceObjName>USR_NME</sourceObjName>
<createdBy>madlin</createdBy>
<createdTime>2022-08-01 15:08:51 UTC</createdTime>
<ownerDesignName>2NF DMM</ownerDesignName>
<useDomainConstraints>false</useDomainConstraints>
<use>1</use>
<logicalDatatype>LOGDT024</logicalDatatype>
<dataTypeSize>26 BYTE</dataTypeSize>
<ownDataTypeParameters>26 BYTE,,</ownDataTypeParameters>
<autoIncrementCycle>false</autoIncrementCycle>
</Column>
<Column name="ID_TYP" id="23BD910F-7283-96AD-156F-8FAC08F00628">
<sourceConnName>Monroe-Oracle</sourceConnName>
<sourceObjSchema>IDENTIFIERS</sourceObjSchema>
<sourceObjName>ID_TYP</sourceObjName>
<createdBy>madlin</createdBy>
<createdTime>2022-08-01 15:08:51 UTC</createdTime>
<ownerDesignName>2NF DMM</ownerDesignName>
<nullsAllowed>true</nullsAllowed>
<useDomainConstraints>false</useDomainConstraints>
<use>1</use>
<logicalDatatype>LOGDT024</logicalDatatype>
<dataTypeSize>26 BYTE</dataTypeSize>
<ownDataTypeParameters>26 BYTE,,</ownDataTypeParameters>
<autoIncrementCycle>false</autoIncrementCycle>
</Column>
<Column name="ID" id="2D8235D5-CA04-4292-AA87-E51CC6ED9A93">
<sourceConnName>Monroe-Oracle</sourceConnName>
<sourceObjSchema>IDENTIFIERS</sourceObjSchema>
<sourceObjName>ID</sourceObjName>
<createdBy>madlin</createdBy>
<createdTime>2022-08-01 15:08:51 UTC</createdTime>
<ownerDesignName>2NF DMM</ownerDesignName>
<nullsAllowed>true</nullsAllowed>
<useDomainConstraints>false</useDomainConstraints>
<use>1</use>
<logicalDatatype>LOGDT024</logicalDatatype>
<dataTypeSize>26 BYTE</dataTypeSize>
<ownDataTypeParameters>26 BYTE,,</ownDataTypeParameters>
<autoIncrementCycle>false</autoIncrementCycle>
</Column>
</columns>
<indexes itemClass="oracle.dbtools.crest.model.design.relational.Index">
<ind_PK_UK id="84187EA9-EED7-35FB-40E6-84E5D8118C9A" name="IDENTIFIERS_PK">
<createdBy>madlin</createdBy>
<createdTime>2022-08-03 12:17:29 UTC</createdTime>
<ownerDesignName>2NF DMM</ownerDesignName>
<pk>true</pk>
<indexState>Primary Constraint</indexState>
<isSurrogateKey>false</isSurrogateKey>
<indexColumnUsage>
<colUsage columnID="419ECE5A-41C2-7B33-E0C4-4ABA95A72D15"/>
</indexColumnUsage>
</ind_PK_UK>
<ind_PK_UK id="7F64679E-813E-58B5-D967-4BEFDD05DF6B" name="IDENTIFIERS__UN">
<createdBy>madlin</createdBy>
<createdTime>2022-08-03 12:27:34 UTC</createdTime>
<ownerDesignName>2NF DMM</ownerDesignName>
<indexState>Unique Constraint</indexState>
<isSurrogateKey>false</isSurrogateKey>
<indexColumnUsage>
<colUsage columnID="419ECE5A-41C2-7B33-E0C4-4ABA95A72D15"/>
</indexColumnUsage>
</ind_PK_UK>
</indexes>
</Table>