<?xml version = '1.0' encoding = 'UTF-8'?>
<Table class="oracle.dbtools.crest.model.design.relational.Table" directorySegmentName="seg_0" id="9A965CC3-5B4A-A83B-6D95-51CA93DED436" schemaObject="2F7F0196-0E7A-2F17-9473-16600AF252AF" name="STREAMING_HISTORY">
<sourceConnName>Monroe-Oracle</sourceConnName>
<sourceObjSchema>ADENNIS8977</sourceObjSchema>
<sourceObjName>STREAMING_HISTORY</sourceObjName>
<createdBy>madlin</createdBy>
<createdTime>2022-08-01 15:08:51 UTC</createdTime>
<ownerDesignName>2NF DMM</ownerDesignName>
<allowColumnReorder>false</allowColumnReorder>
<existDependencyGenerateInDDl>true</existDependencyGenerateInDDl>
<parsed>true</parsed>
<columns itemClass="oracle.dbtools.crest.model.design.relational.Column">
<Column name="ED_TME" id="C98B247E-00C9-46CA-AE71-BD042C24582F">
<sourceConnName>Monroe-Oracle</sourceConnName>
<sourceObjSchema>STREAMING_HISTORY</sourceObjSchema>
<sourceObjName>ED_TME</sourceObjName>
<createdBy>madlin</createdBy>
<createdTime>2022-08-01 15:08:51 UTC</createdTime>
<ownerDesignName>2NF DMM</ownerDesignName>
<nullsAllowed>true</nullsAllowed>
<useDomainConstraints>false</useDomainConstraints>
<use>1</use>
<logicalDatatype>LOGDT024</logicalDatatype>
<dataTypeSize>26 BYTE</dataTypeSize>
<ownDataTypeParameters>26 BYTE,,</ownDataTypeParameters>
<autoIncrementCycle>false</autoIncrementCycle>
</Column>
<Column name="ART_ID" id="0A7BCB1A-F9BF-09F4-DC43-649DB8858D39">
<sourceConnName>Monroe-Oracle</sourceConnName>
<sourceObjSchema>STREAMING_HISTORY</sourceObjSchema>
<sourceObjName>ART_ID</sourceObjName>
<createdBy>madlin</createdBy>
<createdTime>2022-08-01 15:08:51 UTC</createdTime>
<ownerDesignName>2NF DMM</ownerDesignName>
<nullsAllowed>true</nullsAllowed>
<useDomainConstraints>false</useDomainConstraints>
<use>1</use>
<logicalDatatype>LOGDT019</logicalDatatype>
<dataTypePrecision>38</dataTypePrecision>
<dataTypeScale>0</dataTypeScale>
<ownDataTypeParameters>,38,0</ownDataTypeParameters>
<autoIncrementCycle>false</autoIncrementCycle>
</Column>
<Column name="TRK" id="74CDD7B8-F34F-6451-876C-4B12D2C45FC9">
<sourceConnName>Monroe-Oracle</sourceConnName>
<sourceObjSchema>STREAMING_HISTORY</sourceObjSchema>
<sourceObjName>TRK</sourceObjName>
<createdBy>madlin</createdBy>
<createdTime>2022-08-01 15:08:51 UTC</createdTime>
<ownerDesignName>2NF DMM</ownerDesignName>
<nullsAllowed>true</nullsAllowed>
<useDomainConstraints>false</useDomainConstraints>
<use>1</use>
<logicalDatatype>LOGDT024</logicalDatatype>
<dataTypeSize>128 BYTE</dataTypeSize>
<ownDataTypeParameters>128 BYTE,,</ownDataTypeParameters>
<autoIncrementCycle>false</autoIncrementCycle>
</Column>
<Column name="TRK_URL" id="A78060BD-95F2-965E-AF1A-9A53441A3E55">
<sourceConnName>Monroe-Oracle</sourceConnName>
<sourceObjSchema>STREAMING_HISTORY</sourceObjSchema>
<sourceObjName>TRK_URL</sourceObjName>
<createdBy>madlin</createdBy>
<createdTime>2022-08-01 15:08:51 UTC</createdTime>
<ownerDesignName>2NF DMM</ownerDesignName>
<useDomainConstraints>false</useDomainConstraints>
<use>1</use>
<logicalDatatype>LOGDT024</logicalDatatype>
<dataTypeSize>128 BYTE</dataTypeSize>
<ownDataTypeParameters>128 BYTE,,</ownDataTypeParameters>
<autoIncrementCycle>false</autoIncrementCycle>
</Column>
<Column name="PL_ID" id="456C997C-9757-BD48-5092-2BFA02844FC8">
<sourceConnName>Monroe-Oracle</sourceConnName>
<sourceObjSchema>STREAMING_HISTORY</sourceObjSchema>
<sourceObjName>PL_ID</sourceObjName>
<createdBy>madlin</createdBy>
<createdTime>2022-08-01 15:08:51 UTC</createdTime>
<ownerDesignName>2NF DMM</ownerDesignName>
<nullsAllowed>true</nullsAllowed>
<useDomainConstraints>false</useDomainConstraints>
<use>1</use>
<logicalDatatype>LOGDT024</logicalDatatype>
<dataTypeSize>26 BYTE</dataTypeSize>
<ownDataTypeParameters>26 BYTE,,</ownDataTypeParameters>
<autoIncrementCycle>false</autoIncrementCycle>
<dependOnForeignKeyID>36D44534-208A-909F-0790-B8CD21056F4C</dependOnForeignKeyID>
</Column>
<Column name="MLS_PLD" id="D76258F2-161B-C642-09FB-D87BC34A87D0">
<sourceConnName>Monroe-Oracle</sourceConnName>
<sourceObjSchema>STREAMING_HISTORY</sourceObjSchema>
<sourceObjName>MLS_PLD</sourceObjName>
<createdBy>madlin</createdBy>
<createdTime>2022-08-01 15:08:51 UTC</createdTime>
<ownerDesignName>2NF DMM</ownerDesignName>
<nullsAllowed>true</nullsAllowed>
<useDomainConstraints>false</useDomainConstraints>
<use>1</use>
<logicalDatatype>LOGDT019</logicalDatatype>
<dataTypePrecision>38</dataTypePrecision>
<dataTypeScale>0</dataTypeScale>
<ownDataTypeParameters>,38,0</ownDataTypeParameters>
<autoIncrementCycle>false</autoIncrementCycle>
</Column>
<Column name="PLAYLIST_PL_ID" id="67D60861-C45B-D11B-F1A0-7909A2755744">
<createdBy>madlin</createdBy>
<createdTime>2022-08-03 12:52:17 UTC</createdTime>
<ownerDesignName>2NF DMM</ownerDesignName>
<useDomainConstraints>false</useDomainConstraints>
<use>1</use>
<logicalDatatype>LOGDT024</logicalDatatype>
<dataTypeSize>26 BYTE</dataTypeSize>
<ownDataTypeParameters>,,</ownDataTypeParameters>
<previousColumn>false</previousColumn>
<autoIncrementCycle>false</autoIncrementCycle>
<associations>
<colAssociation fkAssociation="0065B896-00FD-FE9B-C32F-86CA3AB5D080" referredColumn="1825CCB4-186F-0581-6806-9C302C29D3CB"/>
</associations>
</Column>
</columns>
<indexes itemClass="oracle.dbtools.crest.model.design.relational.Index">
<ind_PK_UK id="FE2823DC-1519-45B7-7804-3262B013810C" name="STREAMING_HISTORY_PK">
<createdBy>madlin</createdBy>
<createdTime>2022-08-03 12:18:54 UTC</createdTime>
<ownerDesignName>2NF DMM</ownerDesignName>
<pk>true</pk>
<indexState>Primary Constraint</indexState>
<isSurrogateKey>false</isSurrogateKey>
<indexColumnUsage>
<colUsage columnID="A78060BD-95F2-965E-AF1A-9A53441A3E55"/>
</indexColumnUsage>
</ind_PK_UK>
<ind_PK_UK id="45A28414-F144-A350-5542-50D18AD762CF" name="relates">
<createdBy>madlin</createdBy>
<createdTime>2022-08-03 12:52:17 UTC</createdTime>
<ownerDesignName>2NF DMM</ownerDesignName>
<indexState>Foreign Key</indexState>
<isSurrogateKey>false</isSurrogateKey>
<indexColumnUsage>
<colUsage columnID="67D60861-C45B-D11B-F1A0-7909A2755744"/>
</indexColumnUsage>
</ind_PK_UK>
</indexes>
</Table>