<?xml version = '1.0' encoding = 'UTF-8'?>
<Table class="oracle.dbtools.crest.model.design.relational.Table" directorySegmentName="seg_0" id="E62EF241-8F3F-8CD4-A9E3-C164C4B2FAED" schemaObject="2F7F0196-0E7A-2F17-9473-16600AF252AF" name="STREAMING_HISTORY_PLAYLIST_INFORMATION">
<sourceConnName>Monroe-Oracle</sourceConnName>
<sourceObjSchema>ADENNIS8977</sourceObjSchema>
<sourceObjName>STREAMING_HISTORY_PLAYLIST_INFORMATION</sourceObjName>
<createdBy>madlin</createdBy>
<createdTime>2022-08-01 15:08:51 UTC</createdTime>
<ownerDesignName>2NF DMM</ownerDesignName>
<allowColumnReorder>false</allowColumnReorder>
<existDependencyGenerateInDDl>true</existDependencyGenerateInDDl>
<parsed>true</parsed>
<columns itemClass="oracle.dbtools.crest.model.design.relational.Column">
<Column name="PL_ID" id="7B60BC33-7946-CA3E-9145-61C589A7B7AB">
<sourceConnName>Monroe-Oracle</sourceConnName>
<sourceObjSchema>STREAMING_HISTORY_PLAYLIST_INFORMATION</sourceObjSchema>
<sourceObjName>PL_ID</sourceObjName>
<createdBy>madlin</createdBy>
<createdTime>2022-08-01 15:08:51 UTC</createdTime>
<ownerDesignName>2NF DMM</ownerDesignName>
<useDomainConstraints>false</useDomainConstraints>
<use>1</use>
<logicalDatatype>LOGDT024</logicalDatatype>
<dataTypeSize>26 BYTE</dataTypeSize>
<ownDataTypeParameters>26 BYTE,,</ownDataTypeParameters>
<autoIncrementCycle>false</autoIncrementCycle>
</Column>
<Column name="PL" id="18DED9CB-A101-A143-F2B4-8BD186D37A52">
<sourceConnName>Monroe-Oracle</sourceConnName>
<sourceObjSchema>STREAMING_HISTORY_PLAYLIST_INFORMATION</sourceObjSchema>
<sourceObjName>PL</sourceObjName>
<createdBy>madlin</createdBy>
<createdTime>2022-08-01 15:08:51 UTC</createdTime>
<ownerDesignName>2NF DMM</ownerDesignName>
<nullsAllowed>true</nullsAllowed>
<useDomainConstraints>false</useDomainConstraints>
<use>1</use>
<logicalDatatype>LOGDT024</logicalDatatype>
<dataTypeSize>128 BYTE</dataTypeSize>
<ownDataTypeParameters>128 BYTE,,</ownDataTypeParameters>
<autoIncrementCycle>false</autoIncrementCycle>
</Column>
<Column name="STREAMING_HISTORY_TRK_URL" id="04B9BFDA-7D2D-E6F1-FDBE-C2EF41B9F5E4">
<createdBy>madlin</createdBy>
<createdTime>2022-08-03 12:56:36 UTC</createdTime>
<ownerDesignName>2NF DMM</ownerDesignName>
<useDomainConstraints>false</useDomainConstraints>
<use>1</use>
<logicalDatatype>LOGDT024</logicalDatatype>
<dataTypeSize>128 BYTE</dataTypeSize>
<ownDataTypeParameters>,,</ownDataTypeParameters>
<previousColumn>false</previousColumn>
<autoIncrementCycle>false</autoIncrementCycle>
<associations>
<colAssociation fkAssociation="C8EAF79D-8864-12B8-1286-2E0F393ED533" referredColumn="A78060BD-95F2-965E-AF1A-9A53441A3E55"/>
</associations>
</Column>
</columns>
<indexes itemClass="oracle.dbtools.crest.model.design.relational.Index">
<ind_PK_UK id="4D9B56F5-3678-A98D-7FFE-8243F267AC5E" name="STREAMING_HISTORY_PLAYLIST_INFORMATION_PK">
<createdBy>madlin</createdBy>
<createdTime>2022-08-03 12:20:39 UTC</createdTime>
<ownerDesignName>2NF DMM</ownerDesignName>
<pk>true</pk>
<indexState>Primary Constraint</indexState>
<isSurrogateKey>false</isSurrogateKey>
<indexColumnUsage>
<colUsage columnID="7B60BC33-7946-CA3E-9145-61C589A7B7AB"/>
</indexColumnUsage>
</ind_PK_UK>
<ind_PK_UK id="D7C474F0-2868-6BBF-A6CD-E830DE8A02AF" name="hasv3">
<createdBy>madlin</createdBy>
<createdTime>2022-08-03 12:56:36 UTC</createdTime>
<ownerDesignName>2NF DMM</ownerDesignName>
<indexState>Foreign Key</indexState>
<isSurrogateKey>false</isSurrogateKey>
<indexColumnUsage>
<colUsage columnID="04B9BFDA-7D2D-E6F1-FDBE-C2EF41B9F5E4"/>
</indexColumnUsage>
</ind_PK_UK>
</indexes>
</Table>