<?xml version = '1.0' encoding = 'UTF-8'?>
<Table class="oracle.dbtools.crest.model.design.relational.Table" directorySegmentName="seg_0" id="15B37ADF-3773-40FD-25F7-32AD012F1247" schemaObject="2F7F0196-0E7A-2F17-9473-16600AF252AF" name="YOUR_LIBRARY_ALBUM_INFORMATION">
<sourceConnName>Monroe-Oracle</sourceConnName>
<sourceObjSchema>ADENNIS8977</sourceObjSchema>
<sourceObjName>YOUR_LIBRARY_ALBUM_INFORMATION</sourceObjName>
<createdBy>madlin</createdBy>
<createdTime>2022-08-01 15:08:51 UTC</createdTime>
<ownerDesignName>3NF DMM</ownerDesignName>
<allowColumnReorder>false</allowColumnReorder>
<existDependencyGenerateInDDl>true</existDependencyGenerateInDDl>
<parsed>true</parsed>
<columns itemClass="oracle.dbtools.crest.model.design.relational.Column">
<Column name="ALB_ID" id="CBCE6C01-112F-8F74-85D0-A72BF43CED8C">
<sourceConnName>Monroe-Oracle</sourceConnName>
<sourceObjSchema>YOUR_LIBRARY_ALBUM_INFORMATION</sourceObjSchema>
<sourceObjName>ALB_ID</sourceObjName>
<createdBy>madlin</createdBy>
<createdTime>2022-08-01 15:08:51 UTC</createdTime>
<ownerDesignName>3NF DMM</ownerDesignName>
<useDomainConstraints>false</useDomainConstraints>
<use>1</use>
<logicalDatatype>LOGDT019</logicalDatatype>
<dataTypePrecision>38</dataTypePrecision>
<dataTypeScale>18</dataTypeScale>
<ownDataTypeParameters>,38,18</ownDataTypeParameters>
<autoIncrementCycle>false</autoIncrementCycle>
</Column>
<Column name="ALB" id="5CE193B9-2653-CCB9-705E-2FA16F1F3460">
<sourceConnName>Monroe-Oracle</sourceConnName>
<sourceObjSchema>YOUR_LIBRARY_ALBUM_INFORMATION</sourceObjSchema>
<sourceObjName>ALB</sourceObjName>
<createdBy>madlin</createdBy>
<createdTime>2022-08-01 15:08:51 UTC</createdTime>
<ownerDesignName>3NF DMM</ownerDesignName>
<nullsAllowed>true</nullsAllowed>
<useDomainConstraints>false</useDomainConstraints>
<use>1</use>
<logicalDatatype>LOGDT024</logicalDatatype>
<dataTypeSize>256 BYTE</dataTypeSize>
<ownDataTypeParameters>256 BYTE,,</ownDataTypeParameters>
<autoIncrementCycle>false</autoIncrementCycle>
</Column>
<Column name="YOUR_LIBRARY_TRK_URL" id="12DCD144-AEA0-F80F-A77C-2F85FD5CC51D">
<createdBy>madlin</createdBy>
<createdTime>2022-08-03 13:00:12 UTC</createdTime>
<ownerDesignName>3NF DMM</ownerDesignName>
<useDomainConstraints>false</useDomainConstraints>
<use>1</use>
<logicalDatatype>LOGDT024</logicalDatatype>
<dataTypeSize>128 BYTE</dataTypeSize>
<ownDataTypeParameters>,,</ownDataTypeParameters>
<previousColumn>false</previousColumn>
<autoIncrementCycle>false</autoIncrementCycle>
<associations>
<colAssociation fkAssociation="89F160D7-FA21-DDC7-486E-3F34513B789D" referredColumn="20B9C5AA-5ECA-E220-8B4C-A8B587191A16"/>
</associations>
</Column>
</columns>
<indexes itemClass="oracle.dbtools.crest.model.design.relational.Index">
<ind_PK_UK id="D91F2BDC-BD3E-6CF7-2018-D82886F8C361" name="YOUR_LIBRARY_ALBUM_INFORMATION_PK">
<createdBy>madlin</createdBy>
<createdTime>2022-08-03 12:20:48 UTC</createdTime>
<ownerDesignName>3NF DMM</ownerDesignName>
<pk>true</pk>
<indexState>Primary Constraint</indexState>
<isSurrogateKey>false</isSurrogateKey>
<indexColumnUsage>
<colUsage columnID="CBCE6C01-112F-8F74-85D0-A72BF43CED8C"/>
</indexColumnUsage>
</ind_PK_UK>
<ind_PK_UK id="98E88CF6-F673-BA10-6623-031932837B58" name="hasv5">
<createdBy>madlin</createdBy>
<createdTime>2022-08-03 13:00:12 UTC</createdTime>
<ownerDesignName>3NF DMM</ownerDesignName>
<indexState>Foreign Key</indexState>
<isSurrogateKey>false</isSurrogateKey>
<indexColumnUsage>
<colUsage columnID="12DCD144-AEA0-F80F-A77C-2F85FD5CC51D"/>
</indexColumnUsage>
</ind_PK_UK>
</indexes>
</Table>