<?xml version = '1.0' encoding = 'UTF-8'?>
<Table class="oracle.dbtools.crest.model.design.relational.Table" directorySegmentName="seg_0" id="2EF61EB7-DA39-6A90-254D-3B6F39A53247" schemaObject="2F7F0196-0E7A-2F17-9473-16600AF252AF" name="STREAMING_HISTORY_ARTIST_INFORMATION">
<sourceConnName>Monroe-Oracle</sourceConnName>
<sourceObjSchema>ADENNIS8977</sourceObjSchema>
<sourceObjName>STREAMING_HISTORY_ARTIST_INFORMATION</sourceObjName>
<createdBy>madlin</createdBy>
<createdTime>2022-08-01 15:08:51 UTC</createdTime>
<ownerDesignName>3NF DMM</ownerDesignName>
<allowColumnReorder>false</allowColumnReorder>
<existDependencyGenerateInDDl>true</existDependencyGenerateInDDl>
<parsed>true</parsed>
<columns itemClass="oracle.dbtools.crest.model.design.relational.Column">
<Column name="ART_ID" id="DD25724D-5DDF-DD09-9DA9-96F9F6FD6F47">
<sourceConnName>Monroe-Oracle</sourceConnName>
<sourceObjSchema>STREAMING_HISTORY_ARTIST_INFORMATION</sourceObjSchema>
<sourceObjName>ART_ID</sourceObjName>
<createdBy>madlin</createdBy>
<createdTime>2022-08-01 15:08:51 UTC</createdTime>
<ownerDesignName>3NF DMM</ownerDesignName>
<useDomainConstraints>false</useDomainConstraints>
<use>1</use>
<logicalDatatype>LOGDT019</logicalDatatype>
<dataTypePrecision>38</dataTypePrecision>
<dataTypeScale>0</dataTypeScale>
<ownDataTypeParameters>,38,0</ownDataTypeParameters>
<autoIncrementCycle>false</autoIncrementCycle>
</Column>
<Column name="ART" id="79CC5F71-144A-F9E7-2C4E-E31F45E323FF">
<sourceConnName>Monroe-Oracle</sourceConnName>
<sourceObjSchema>STREAMING_HISTORY_ARTIST_INFORMATION</sourceObjSchema>
<sourceObjName>ART</sourceObjName>
<createdBy>madlin</createdBy>
<createdTime>2022-08-01 15:08:51 UTC</createdTime>
<ownerDesignName>3NF DMM</ownerDesignName>
<nullsAllowed>true</nullsAllowed>
<useDomainConstraints>false</useDomainConstraints>
<use>1</use>
<logicalDatatype>LOGDT024</logicalDatatype>
<dataTypeSize>26 BYTE</dataTypeSize>
<ownDataTypeParameters>26 BYTE,,</ownDataTypeParameters>
<autoIncrementCycle>false</autoIncrementCycle>
</Column>
<Column name="STREAMING_HISTORY_TRK_URL" id="11184E6B-70DC-146D-484B-A93CEBB8D2D6">
<createdBy>madlin</createdBy>
<createdTime>2022-08-03 12:59:48 UTC</createdTime>
<ownerDesignName>3NF DMM</ownerDesignName>
<useDomainConstraints>false</useDomainConstraints>
<use>1</use>
<logicalDatatype>LOGDT024</logicalDatatype>
<dataTypeSize>128 BYTE</dataTypeSize>
<ownDataTypeParameters>,,</ownDataTypeParameters>
<previousColumn>false</previousColumn>
<autoIncrementCycle>false</autoIncrementCycle>
<associations>
<colAssociation fkAssociation="6C2111B9-3523-C8A2-964A-A61EE9E834DA" referredColumn="A78060BD-95F2-965E-AF1A-9A53441A3E55"/>
</associations>
</Column>
</columns>
<indexes itemClass="oracle.dbtools.crest.model.design.relational.Index">
<ind_PK_UK id="3DC0E199-1075-34B4-A8BD-2C67AEBD8BC8" name="STREAMING_HISTORY_ARTIST_INFORMATION_PK">
<createdBy>madlin</createdBy>
<createdTime>2022-08-03 12:20:43 UTC</createdTime>
<ownerDesignName>3NF DMM</ownerDesignName>
<pk>true</pk>
<indexState>Primary Constraint</indexState>
<isSurrogateKey>false</isSurrogateKey>
<indexColumnUsage>
<colUsage columnID="DD25724D-5DDF-DD09-9DA9-96F9F6FD6F47"/>
</indexColumnUsage>
</ind_PK_UK>
<ind_PK_UK id="6A015BB6-6753-F144-D8FD-2433E44964AB" name="hasv4">
<createdBy>madlin</createdBy>
<createdTime>2022-08-03 12:59:48 UTC</createdTime>
<ownerDesignName>3NF DMM</ownerDesignName>
<indexState>Foreign Key</indexState>
<isSurrogateKey>false</isSurrogateKey>
<indexColumnUsage>
<colUsage columnID="11184E6B-70DC-146D-484B-A93CEBB8D2D6"/>
</indexColumnUsage>
</ind_PK_UK>
</indexes>
</Table>