<?xml version = '1.0' encoding = 'UTF-8'?>
<Table class="oracle.dbtools.crest.model.design.relational.Table" directorySegmentName="seg_0" id="550E0739-6598-A4B6-482E-97A69707D758" schemaObject="2F7F0196-0E7A-2F17-9473-16600AF252AF" name="PLAYLIST_ARTIST_INFORMATION">
<sourceConnName>Monroe-Oracle</sourceConnName>
<sourceObjSchema>ADENNIS8977</sourceObjSchema>
<sourceObjName>PLAYLIST_ARTIST_INFORMATION</sourceObjName>
<createdBy>madlin</createdBy>
<createdTime>2022-08-01 15:08:51 UTC</createdTime>
<ownerDesignName>3NF DMM</ownerDesignName>
<allowColumnReorder>false</allowColumnReorder>
<existDependencyGenerateInDDl>true</existDependencyGenerateInDDl>
<parsed>true</parsed>
<columns itemClass="oracle.dbtools.crest.model.design.relational.Column">
<Column name="ART_ID" id="E147B153-D778-038C-B961-AE5F207B4E81">
<sourceConnName>Monroe-Oracle</sourceConnName>
<sourceObjSchema>PLAYLIST_ARTIST_INFORMATION</sourceObjSchema>
<sourceObjName>ART_ID</sourceObjName>
<createdBy>madlin</createdBy>
<createdTime>2022-08-01 15:08:51 UTC</createdTime>
<ownerDesignName>3NF DMM</ownerDesignName>
<useDomainConstraints>false</useDomainConstraints>
<use>1</use>
<logicalDatatype>LOGDT019</logicalDatatype>
<dataTypePrecision>38</dataTypePrecision>
<dataTypeScale>0</dataTypeScale>
<ownDataTypeParameters>,38,0</ownDataTypeParameters>
<autoIncrementCycle>false</autoIncrementCycle>
</Column>
<Column name="ART" id="48952238-A149-95B1-8AFA-3F25B08FC6FA">
<sourceConnName>Monroe-Oracle</sourceConnName>
<sourceObjSchema>PLAYLIST_ARTIST_INFORMATION</sourceObjSchema>
<sourceObjName>ART</sourceObjName>
<createdBy>madlin</createdBy>
<createdTime>2022-08-01 15:08:51 UTC</createdTime>
<ownerDesignName>3NF DMM</ownerDesignName>
<nullsAllowed>true</nullsAllowed>
<useDomainConstraints>false</useDomainConstraints>
<use>1</use>
<logicalDatatype>LOGDT024</logicalDatatype>
<dataTypeSize>26 BYTE</dataTypeSize>
<ownDataTypeParameters>26 BYTE,,</ownDataTypeParameters>
<autoIncrementCycle>false</autoIncrementCycle>
</Column>
<Column name="PLAYLIST_INFORMATION_PL_ID" id="936E8B87-5ECC-0FCF-522A-5FC0EBEEECFF">
<createdBy>madlin</createdBy>
<createdTime>2022-08-03 12:42:54 UTC</createdTime>
<ownerDesignName>3NF DMM</ownerDesignName>
<useDomainConstraints>false</useDomainConstraints>
<use>1</use>
<logicalDatatype>LOGDT024</logicalDatatype>
<dataTypeSize>26 BYTE</dataTypeSize>
<ownDataTypeParameters>,,</ownDataTypeParameters>
<previousColumn>false</previousColumn>
<autoIncrementCycle>false</autoIncrementCycle>
<associations>
<colAssociation fkAssociation="3A78E464-191C-A196-D9C3-8FC9723ED2E4" referredColumn="5D43C7F1-ED87-883A-F07B-69723B894BB4"/>
</associations>
</Column>
</columns>
<indexes itemClass="oracle.dbtools.crest.model.design.relational.Index">
<ind_PK_UK id="21BFBD5E-884B-2E3C-84D1-B95C64F864D5" name="PLAYLIST_ARTIST_INFORMATION_PK">
<createdBy>madlin</createdBy>
<createdTime>2022-08-03 12:18:41 UTC</createdTime>
<ownerDesignName>3NF DMM</ownerDesignName>
<pk>true</pk>
<indexState>Primary Constraint</indexState>
<isSurrogateKey>false</isSurrogateKey>
<indexColumnUsage>
<colUsage columnID="E147B153-D778-038C-B961-AE5F207B4E81"/>
</indexColumnUsage>
</ind_PK_UK>
<ind_PK_UK id="CBE74DD6-4CCA-F076-02DA-8B477A089D1B" name="hasv1">
<createdBy>madlin</createdBy>
<createdTime>2022-08-03 12:42:54 UTC</createdTime>
<ownerDesignName>3NF DMM</ownerDesignName>
<indexState>Foreign Key</indexState>
<isSurrogateKey>false</isSurrogateKey>
<indexColumnUsage>
<colUsage columnID="936E8B87-5ECC-0FCF-522A-5FC0EBEEECFF"/>
</indexColumnUsage>
</ind_PK_UK>
</indexes>
</Table>