<?xml version = '1.0' encoding = 'UTF-8'?>
<Table class="oracle.dbtools.crest.model.design.relational.Table" directorySegmentName="seg_0" id="5C350320-BDD8-0E31-0ACD-1EBCC893AB98" schemaObject="2F7F0196-0E7A-2F17-9473-16600AF252AF" name="PLAYLIST_INFORMATION">
<sourceConnName>Monroe-Oracle</sourceConnName>
<sourceObjSchema>ADENNIS8977</sourceObjSchema>
<sourceObjName>PLAYLIST_INFORMATION</sourceObjName>
<createdBy>madlin</createdBy>
<createdTime>2022-08-01 15:08:51 UTC</createdTime>
<ownerDesignName>3NF DMM</ownerDesignName>
<allowColumnReorder>false</allowColumnReorder>
<existDependencyGenerateInDDl>true</existDependencyGenerateInDDl>
<parsed>true</parsed>
<columns itemClass="oracle.dbtools.crest.model.design.relational.Column">
<Column name="PL" id="E07E291F-774A-1011-3F33-446AD00CA8F2">
<sourceConnName>Monroe-Oracle</sourceConnName>
<sourceObjSchema>PLAYLIST_INFORMATION</sourceObjSchema>
<sourceObjName>PL</sourceObjName>
<createdBy>madlin</createdBy>
<createdTime>2022-08-01 15:08:51 UTC</createdTime>
<ownerDesignName>3NF DMM</ownerDesignName>
<nullsAllowed>true</nullsAllowed>
<useDomainConstraints>false</useDomainConstraints>
<use>1</use>
<logicalDatatype>LOGDT024</logicalDatatype>
<dataTypeSize>128 BYTE</dataTypeSize>
<ownDataTypeParameters>128 BYTE,,</ownDataTypeParameters>
<autoIncrementCycle>false</autoIncrementCycle>
</Column>
<Column name="PL_ID" id="5D43C7F1-ED87-883A-F07B-69723B894BB4">
<sourceConnName>Monroe-Oracle</sourceConnName>
<sourceObjSchema>PLAYLIST_INFORMATION</sourceObjSchema>
<sourceObjName>PL_ID</sourceObjName>
<createdBy>madlin</createdBy>
<createdTime>2022-08-01 15:08:51 UTC</createdTime>
<ownerDesignName>3NF DMM</ownerDesignName>
<useDomainConstraints>false</useDomainConstraints>
<use>1</use>
<logicalDatatype>LOGDT024</logicalDatatype>
<dataTypeSize>26 BYTE</dataTypeSize>
<ownDataTypeParameters>26 BYTE,,</ownDataTypeParameters>
<autoIncrementCycle>false</autoIncrementCycle>
</Column>
<Column name="TRK" id="8D53692A-FEA0-8CC6-B8CD-AF000905B6F1">
<sourceConnName>Monroe-Oracle</sourceConnName>
<sourceObjSchema>PLAYLIST_INFORMATION</sourceObjSchema>
<sourceObjName>TRK</sourceObjName>
<createdBy>madlin</createdBy>
<createdTime>2022-08-01 15:08:51 UTC</createdTime>
<ownerDesignName>3NF DMM</ownerDesignName>
<nullsAllowed>true</nullsAllowed>
<useDomainConstraints>false</useDomainConstraints>
<use>1</use>
<logicalDatatype>LOGDT024</logicalDatatype>
<dataTypeSize>128 BYTE</dataTypeSize>
<ownDataTypeParameters>128 BYTE,,</ownDataTypeParameters>
<autoIncrementCycle>false</autoIncrementCycle>
</Column>
<Column name="ART_ID" id="05B33CB2-24BD-5C7C-3136-6C08870DF680">
<sourceConnName>Monroe-Oracle</sourceConnName>
<sourceObjSchema>PLAYLIST_INFORMATION</sourceObjSchema>
<sourceObjName>ART_ID</sourceObjName>
<createdBy>madlin</createdBy>
<createdTime>2022-08-01 15:08:51 UTC</createdTime>
<ownerDesignName>3NF DMM</ownerDesignName>
<nullsAllowed>true</nullsAllowed>
<useDomainConstraints>false</useDomainConstraints>
<use>1</use>
<logicalDatatype>LOGDT019</logicalDatatype>
<dataTypePrecision>38</dataTypePrecision>
<ownDataTypeParameters>,38,</ownDataTypeParameters>
<autoIncrementCycle>false</autoIncrementCycle>
</Column>
<Column name="ALB_ID" id="B2257FF6-21B9-6575-FE5B-B79F4CD6A410">
<sourceConnName>Monroe-Oracle</sourceConnName>
<sourceObjSchema>PLAYLIST_INFORMATION</sourceObjSchema>
<sourceObjName>ALB_ID</sourceObjName>
<createdBy>madlin</createdBy>
<createdTime>2022-08-01 15:08:51 UTC</createdTime>
<ownerDesignName>3NF DMM</ownerDesignName>
<nullsAllowed>true</nullsAllowed>
<useDomainConstraints>false</useDomainConstraints>
<use>1</use>
<logicalDatatype>LOGDT019</logicalDatatype>
<dataTypePrecision>38</dataTypePrecision>
<ownDataTypeParameters>,38,</ownDataTypeParameters>
<autoIncrementCycle>false</autoIncrementCycle>
</Column>
<Column name="TRK_URL" id="F02F4B7E-E401-03E6-ADF2-D40F094176C6">
<sourceConnName>Monroe-Oracle</sourceConnName>
<sourceObjSchema>PLAYLIST_INFORMATION</sourceObjSchema>
<sourceObjName>TRK_URL</sourceObjName>
<createdBy>madlin</createdBy>
<createdTime>2022-08-01 15:08:51 UTC</createdTime>
<ownerDesignName>3NF DMM</ownerDesignName>
<nullsAllowed>true</nullsAllowed>
<useDomainConstraints>false</useDomainConstraints>
<use>1</use>
<logicalDatatype>LOGDT024</logicalDatatype>
<dataTypeSize>128 BYTE</dataTypeSize>
<ownDataTypeParameters>128 BYTE,,</ownDataTypeParameters>
<autoIncrementCycle>false</autoIncrementCycle>
</Column>
<Column name="PLAYLIST_PL_ID" id="E414651C-5E19-5235-C6B9-DF303001AE07">
<createdBy>madlin</createdBy>
<createdTime>2022-08-03 12:42:13 UTC</createdTime>
<ownerDesignName>3NF DMM</ownerDesignName>
<useDomainConstraints>false</useDomainConstraints>
<use>1</use>
<logicalDatatype>LOGDT024</logicalDatatype>
<dataTypeSize>26 BYTE</dataTypeSize>
<ownDataTypeParameters>,,</ownDataTypeParameters>
<previousColumn>false</previousColumn>
<autoIncrementCycle>false</autoIncrementCycle>
<associations>
<colAssociation fkAssociation="416FFC68-0155-8503-BB74-B7AAF63C0800" referredColumn="1825CCB4-186F-0581-6806-9C302C29D3CB"/>
</associations>
</Column>
</columns>
<indexes itemClass="oracle.dbtools.crest.model.design.relational.Index">
<ind_PK_UK id="70DCAB11-3953-E12A-2FD0-444CFC1E85F2" name="PLAYLIST_INFORMATION_PK">
<createdBy>madlin</createdBy>
<createdTime>2022-08-03 12:18:32 UTC</createdTime>
<ownerDesignName>3NF DMM</ownerDesignName>
<pk>true</pk>
<indexState>Primary Constraint</indexState>
<isSurrogateKey>false</isSurrogateKey>
<indexColumnUsage>
<colUsage columnID="5D43C7F1-ED87-883A-F07B-69723B894BB4"/>
</indexColumnUsage>
</ind_PK_UK>
<ind_PK_UK id="AA5357DA-E2E3-8CAD-AAAE-6DDAC624B467" name="correspondsv2">
<createdBy>madlin</createdBy>
<createdTime>2022-08-03 12:42:13 UTC</createdTime>
<ownerDesignName>3NF DMM</ownerDesignName>
<indexState>Foreign Key</indexState>
<isSurrogateKey>false</isSurrogateKey>
<indexColumnUsage>
<colUsage columnID="E414651C-5E19-5235-C6B9-DF303001AE07"/>
</indexColumnUsage>
</ind_PK_UK>
</indexes>
</Table>