<?xml version = '1.0' encoding = 'UTF-8'?>
<Table class="oracle.dbtools.crest.model.design.relational.Table" directorySegmentName="seg_0" id="6BFA1EEC-B51E-68F1-D228-4E339219C2DD" schemaObject="2F7F0196-0E7A-2F17-9473-16600AF252AF" name="IDENTITY">
<sourceConnName>Monroe-Oracle</sourceConnName>
<sourceObjSchema>ADENNIS8977</sourceObjSchema>
<sourceObjName>IDENTITY</sourceObjName>
<createdBy>madlin</createdBy>
<createdTime>2022-08-01 15:08:51 UTC</createdTime>
<ownerDesignName>3NF DMM</ownerDesignName>
<allowColumnReorder>false</allowColumnReorder>
<existDependencyGenerateInDDl>true</existDependencyGenerateInDDl>
<parsed>true</parsed>
<columns itemClass="oracle.dbtools.crest.model.design.relational.Column">
<Column name="USR_NME" id="4E1A26FE-72E9-80E0-CE24-890CEE67F246">
<sourceConnName>Monroe-Oracle</sourceConnName>
<sourceObjSchema>IDENTITY</sourceObjSchema>
<sourceObjName>USR_NME</sourceObjName>
<createdBy>madlin</createdBy>
<createdTime>2022-08-01 15:08:51 UTC</createdTime>
<ownerDesignName>3NF DMM</ownerDesignName>
<useDomainConstraints>false</useDomainConstraints>
<use>1</use>
<logicalDatatype>LOGDT024</logicalDatatype>
<dataTypeSize>26 BYTE</dataTypeSize>
<ownDataTypeParameters>26 BYTE,,</ownDataTypeParameters>
<autoIncrementCycle>false</autoIncrementCycle>
</Column>
<Column name="DPL_NME" id="A717E355-4517-1A67-BCE1-9F84C6B58D5C">
<sourceConnName>Monroe-Oracle</sourceConnName>
<sourceObjSchema>IDENTITY</sourceObjSchema>
<sourceObjName>DPL_NME</sourceObjName>
<createdBy>madlin</createdBy>
<createdTime>2022-08-01 15:08:51 UTC</createdTime>
<ownerDesignName>3NF DMM</ownerDesignName>
<nullsAllowed>true</nullsAllowed>
<useDomainConstraints>false</useDomainConstraints>
<use>1</use>
<logicalDatatype>LOGDT024</logicalDatatype>
<dataTypeSize>26 BYTE</dataTypeSize>
<ownDataTypeParameters>26 BYTE,,</ownDataTypeParameters>
<autoIncrementCycle>false</autoIncrementCycle>
</Column>
<Column name="IMG_URL" id="E6807FA2-D61D-22E4-C469-FFC18C97F9FB">
<sourceConnName>Monroe-Oracle</sourceConnName>
<sourceObjSchema>IDENTITY</sourceObjSchema>
<sourceObjName>IMG_URL</sourceObjName>
<createdBy>madlin</createdBy>
<createdTime>2022-08-01 15:08:51 UTC</createdTime>
<ownerDesignName>3NF DMM</ownerDesignName>
<nullsAllowed>true</nullsAllowed>
<useDomainConstraints>false</useDomainConstraints>
<use>1</use>
<logicalDatatype>LOGDT024</logicalDatatype>
<dataTypeSize>128 BYTE</dataTypeSize>
<ownDataTypeParameters>128 BYTE,,</ownDataTypeParameters>
<autoIncrementCycle>false</autoIncrementCycle>
</Column>
<Column name="LRG_IMG_URL" id="73D41C69-6D19-CD35-8293-F13BEC35836D">
<sourceConnName>Monroe-Oracle</sourceConnName>
<sourceObjSchema>IDENTITY</sourceObjSchema>
<sourceObjName>LRG_IMG_URL</sourceObjName>
<createdBy>madlin</createdBy>
<createdTime>2022-08-01 15:08:51 UTC</createdTime>
<ownerDesignName>3NF DMM</ownerDesignName>
<nullsAllowed>true</nullsAllowed>
<useDomainConstraints>false</useDomainConstraints>
<use>1</use>
<logicalDatatype>LOGDT024</logicalDatatype>
<dataTypeSize>128 BYTE</dataTypeSize>
<ownDataTypeParameters>128 BYTE,,</ownDataTypeParameters>
<autoIncrementCycle>false</autoIncrementCycle>
</Column>
<Column name="TAS_MKR" id="9768F1B7-DB69-4E93-335C-22798BE22350">
<sourceConnName>Monroe-Oracle</sourceConnName>
<sourceObjSchema>IDENTITY</sourceObjSchema>
<sourceObjName>TAS_MKR</sourceObjName>
<createdBy>madlin</createdBy>
<createdTime>2022-08-01 15:08:51 UTC</createdTime>
<ownerDesignName>3NF DMM</ownerDesignName>
<nullsAllowed>true</nullsAllowed>
<useDomainConstraints>false</useDomainConstraints>
<use>1</use>
<logicalDatatype>LOGDT024</logicalDatatype>
<dataTypeSize>26 BYTE</dataTypeSize>
<ownDataTypeParameters>26 BYTE,,</ownDataTypeParameters>
<autoIncrementCycle>false</autoIncrementCycle>
</Column>
<Column name="VRY" id="0952C574-31D1-5C20-BA66-8B3FD3B271D3">
<sourceConnName>Monroe-Oracle</sourceConnName>
<sourceObjSchema>IDENTITY</sourceObjSchema>
<sourceObjName>VRY</sourceObjName>
<createdBy>madlin</createdBy>
<createdTime>2022-08-01 15:08:51 UTC</createdTime>
<ownerDesignName>3NF DMM</ownerDesignName>
<nullsAllowed>true</nullsAllowed>
<useDomainConstraints>false</useDomainConstraints>
<use>1</use>
<logicalDatatype>LOGDT024</logicalDatatype>
<dataTypeSize>26 BYTE</dataTypeSize>
<ownDataTypeParameters>26 BYTE,,</ownDataTypeParameters>
<autoIncrementCycle>false</autoIncrementCycle>
</Column>
<Column name="IDENTIFIERS_USR_NME" id="F827E0D9-0124-DC02-BAB6-4D92C8514B30">
<createdBy>madlin</createdBy>
<createdTime>2022-08-03 12:33:38 UTC</createdTime>
<ownerDesignName>3NF DMM</ownerDesignName>
<useDomainConstraints>false</useDomainConstraints>
<use>1</use>
<logicalDatatype>LOGDT024</logicalDatatype>
<dataTypeSize>26 BYTE</dataTypeSize>
<ownDataTypeParameters>,,</ownDataTypeParameters>
<previousColumn>false</previousColumn>
<autoIncrementCycle>false</autoIncrementCycle>
<associations>
<colAssociation fkAssociation="5C0327F9-76AC-87A5-F719-311911CE6C6C" referredColumn="419ECE5A-41C2-7B33-E0C4-4ABA95A72D15"/>
</associations>
</Column>
</columns>
<indexes itemClass="oracle.dbtools.crest.model.design.relational.Index">
<ind_PK_UK id="915C6912-8099-ED54-AB01-E5C2E46DD37E" name="IDENTITY_PK">
<createdBy>madlin</createdBy>
<createdTime>2022-08-03 12:18:08 UTC</createdTime>
<ownerDesignName>3NF DMM</ownerDesignName>
<pk>true</pk>
<indexState>Primary Constraint</indexState>
<isSurrogateKey>false</isSurrogateKey>
<indexColumnUsage>
<colUsage columnID="4E1A26FE-72E9-80E0-CE24-890CEE67F246"/>
</indexColumnUsage>
</ind_PK_UK>
<ind_PK_UK id="5704B97C-A14E-F266-E690-7548F87D6F9D" name="IDENTITY__UN">
<createdBy>madlin</createdBy>
<createdTime>2022-08-03 12:34:23 UTC</createdTime>
<ownerDesignName>3NF DMM</ownerDesignName>
<indexState>Unique Constraint</indexState>
<isSurrogateKey>false</isSurrogateKey>
<indexColumnUsage>
<colUsage columnID="F827E0D9-0124-DC02-BAB6-4D92C8514B30"/>
</indexColumnUsage>
</ind_PK_UK>
<ind_PK_UK id="6B8BC469-D41D-6D25-A034-CA2B7A41A7EA" name="correspondsv1">
<createdBy>madlin</createdBy>
<createdTime>2022-08-03 12:33:38 UTC</createdTime>
<ownerDesignName>3NF DMM</ownerDesignName>
<indexState>Foreign Key</indexState>
<isSurrogateKey>false</isSurrogateKey>
<indexColumnUsage>
<colUsage columnID="F827E0D9-0124-DC02-BAB6-4D92C8514B30"/>
</indexColumnUsage>
</ind_PK_UK>
</indexes>
</Table>