<?xml version = '1.0' encoding = 'UTF-8'?>
<Table class="oracle.dbtools.crest.model.design.relational.Table" directorySegmentName="seg_0" id="BE1EB35B-022A-EE74-AF25-311D7F544DE9" schemaObject="2F7F0196-0E7A-2F17-9473-16600AF252AF" name="PLAYLIST_ALBUM_INFORMATION">
<sourceConnName>Monroe-Oracle</sourceConnName>
<sourceObjSchema>ADENNIS8977</sourceObjSchema>
<sourceObjName>PLAYLIST_ALBUM_INFORMATION</sourceObjName>
<createdBy>madlin</createdBy>
<createdTime>2022-08-01 15:08:51 UTC</createdTime>
<ownerDesignName>3NF DMM</ownerDesignName>
<allowColumnReorder>false</allowColumnReorder>
<existDependencyGenerateInDDl>true</existDependencyGenerateInDDl>
<parsed>true</parsed>
<columns itemClass="oracle.dbtools.crest.model.design.relational.Column">
<Column name="ALB_ID" id="53F8E54D-E560-CE5F-58CE-B80A307CAFB4">
<sourceConnName>Monroe-Oracle</sourceConnName>
<sourceObjSchema>PLAYLIST_ALBUM_INFORMATION</sourceObjSchema>
<sourceObjName>ALB_ID</sourceObjName>
<createdBy>madlin</createdBy>
<createdTime>2022-08-01 15:08:51 UTC</createdTime>
<ownerDesignName>3NF DMM</ownerDesignName>
<useDomainConstraints>false</useDomainConstraints>
<use>1</use>
<logicalDatatype>LOGDT019</logicalDatatype>
<dataTypePrecision>38</dataTypePrecision>
<dataTypeScale>17</dataTypeScale>
<ownDataTypeParameters>,38,17</ownDataTypeParameters>
<autoIncrementCycle>false</autoIncrementCycle>
</Column>
<Column name="ALB" id="5AE56B3F-855C-9E12-9DD3-811FC46B8C68">
<sourceConnName>Monroe-Oracle</sourceConnName>
<sourceObjSchema>PLAYLIST_ALBUM_INFORMATION</sourceObjSchema>
<sourceObjName>ALB</sourceObjName>
<createdBy>madlin</createdBy>
<createdTime>2022-08-01 15:08:51 UTC</createdTime>
<ownerDesignName>3NF DMM</ownerDesignName>
<nullsAllowed>true</nullsAllowed>
<useDomainConstraints>false</useDomainConstraints>
<use>1</use>
<logicalDatatype>LOGDT024</logicalDatatype>
<dataTypeSize>128 BYTE</dataTypeSize>
<ownDataTypeParameters>128 BYTE,,</ownDataTypeParameters>
<autoIncrementCycle>false</autoIncrementCycle>
</Column>
<Column name="PLAYLIST_INFORMATION_PL_ID" id="2938DFF1-2E74-FD43-9EBA-B23BB3E5CCA0">
<createdBy>madlin</createdBy>
<createdTime>2022-08-03 12:43:11 UTC</createdTime>
<ownerDesignName>3NF DMM</ownerDesignName>
<useDomainConstraints>false</useDomainConstraints>
<use>1</use>
<logicalDatatype>LOGDT024</logicalDatatype>
<dataTypeSize>26 BYTE</dataTypeSize>
<ownDataTypeParameters>,,</ownDataTypeParameters>
<previousColumn>false</previousColumn>
<autoIncrementCycle>false</autoIncrementCycle>
<associations>
<colAssociation fkAssociation="81F16AA4-0032-6B45-8F62-C8ABCBFFDAD1" referredColumn="5D43C7F1-ED87-883A-F07B-69723B894BB4"/>
</associations>
</Column>
</columns>
<indexes itemClass="oracle.dbtools.crest.model.design.relational.Index">
<ind_PK_UK id="207D517E-E8A8-E274-9E55-62D177319AF9" name="PLAYLIST_ALBUM_INFORMATION_PK">
<createdBy>madlin</createdBy>
<createdTime>2022-08-03 12:18:44 UTC</createdTime>
<ownerDesignName>3NF DMM</ownerDesignName>
<pk>true</pk>
<indexState>Primary Constraint</indexState>
<isSurrogateKey>false</isSurrogateKey>
<indexColumnUsage>
<colUsage columnID="53F8E54D-E560-CE5F-58CE-B80A307CAFB4"/>
</indexColumnUsage>
</ind_PK_UK>
<ind_PK_UK id="9F656806-4916-2810-3850-A4C05DA5361C" name="hasv2">
<createdBy>madlin</createdBy>
<createdTime>2022-08-03 12:43:11 UTC</createdTime>
<ownerDesignName>3NF DMM</ownerDesignName>
<indexState>Foreign Key</indexState>
<isSurrogateKey>false</isSurrogateKey>
<indexColumnUsage>
<colUsage columnID="2938DFF1-2E74-FD43-9EBA-B23BB3E5CCA0"/>
</indexColumnUsage>
</ind_PK_UK>
</indexes>
</Table>