<?xml version = '1.0' encoding = 'UTF-8'?>
<FKIndexAssociation class="oracle.dbtools.crest.model.design.relational.FKIndexAssociation" directorySegmentName="seg_0" id="0065B896-00FD-FE9B-C32F-86CA3AB5D080" containerWithKeyObject="9A965CC3-5B4A-A83B-6D95-51CA93DED436" localFKIndex="45A28414-F144-A350-5542-50D18AD762CF" name="relates">
<createdBy>madlin</createdBy>
<createdTime>2022-08-03 12:52:17 UTC</createdTime>
<ownerDesignName>2NF DMM</ownerDesignName>
<referredTableLongName>ADENNIS8977.PLAYLIST</referredTableLongName>
<deleteRule>NO ACTION</deleteRule>
<referredTableID>29AC3B66-E6F2-E008-AD50-9D8147A87A15</referredTableID>
<keyObject>444D7087-5D60-306C-BEF7-7B3CD8DD1E89</keyObject>
<referredKeyID>444D7087-5D60-306C-BEF7-7B3CD8DD1E89</referredKeyID>
<mandatory>true</mandatory>
<refColNames>PL_ID</refColNames>
<transferable>true</transferable>
<rely>false</rely>
<columnDependencyConstraintGenerateInDDL>true</columnDependencyConstraintGenerateInDDL>
</FKIndexAssociation>