<?xml version = '1.0' encoding = 'UTF-8'?>
<FKIndexAssociation class="oracle.dbtools.crest.model.design.relational.FKIndexAssociation" directorySegmentName="seg_0" id="416FFC68-0155-8503-BB74-B7AAF63C0800" containerWithKeyObject="5C350320-BDD8-0E31-0ACD-1EBCC893AB98" localFKIndex="AA5357DA-E2E3-8CAD-AAAE-6DDAC624B467" name="correspondsv2">
<createdBy>madlin</createdBy>
<createdTime>2022-08-03 12:42:13 UTC</createdTime>
<ownerDesignName>2NF DMM</ownerDesignName>
<referredTableLongName>ADENNIS8977.PLAYLIST</referredTableLongName>
<deleteRule>NO ACTION</deleteRule>
<referredTableID>29AC3B66-E6F2-E008-AD50-9D8147A87A15</referredTableID>
<keyObject>444D7087-5D60-306C-BEF7-7B3CD8DD1E89</keyObject>
<referredKeyID>444D7087-5D60-306C-BEF7-7B3CD8DD1E89</referredKeyID>
<mandatory>true</mandatory>
<refColNames>PL_ID</refColNames>
<transferable>true</transferable>
<rely>false</rely>
<columnDependencyConstraintGenerateName>corresponds</columnDependencyConstraintGenerateName>
<columnDependencyConstraintGenerateInDDL>true</columnDependencyConstraintGenerateInDDL>
</FKIndexAssociation>