<?xml version = '1.0' encoding = 'UTF-8'?>
<FKIndexAssociation class="oracle.dbtools.crest.model.design.relational.FKIndexAssociation" directorySegmentName="seg_0" id="6C2111B9-3523-C8A2-964A-A61EE9E834DA" containerWithKeyObject="2EF61EB7-DA39-6A90-254D-3B6F39A53247" localFKIndex="6A015BB6-6753-F144-D8FD-2433E44964AB" name="hasv4">
<createdBy>madlin</createdBy>
<createdTime>2022-08-03 12:59:48 UTC</createdTime>
<ownerDesignName>2NF DMM</ownerDesignName>
<referredTableLongName>ADENNIS8977.STREAMING_HISTORY</referredTableLongName>
<deleteRule>NO ACTION</deleteRule>
<referredTableID>9A965CC3-5B4A-A83B-6D95-51CA93DED436</referredTableID>
<keyObject>FE2823DC-1519-45B7-7804-3262B013810C</keyObject>
<referredKeyID>FE2823DC-1519-45B7-7804-3262B013810C</referredKeyID>
<mandatory>true</mandatory>
<refColNames>TRK_URL</refColNames>
<transferable>true</transferable>
<rely>false</rely>
<columnDependencyConstraintGenerateInDDL>true</columnDependencyConstraintGenerateInDDL>
</FKIndexAssociation>