<?xml version = '1.0' encoding = 'UTF-8'?>
<FKIndexAssociation class="oracle.dbtools.crest.model.design.relational.FKIndexAssociation" directorySegmentName="seg_0" id="9F2008B4-C28B-C769-C609-B472F2B2B020" containerWithKeyObject="041D7833-4332-1A4A-219D-37B535811D81" localFKIndex="271A18FD-7BB9-DEEA-1F27-018E5406D0BA" name="corresponds">
<createdBy>madlin</createdBy>
<createdTime>2022-08-03 12:25:05 UTC</createdTime>
<ownerDesignName>2NF DMM</ownerDesignName>
<referredTableLongName>ADENNIS8977.IDENTIFIERS</referredTableLongName>
<deleteRule>NO ACTION</deleteRule>
<referredTableID>531377C5-BBAD-A546-3AD8-754314F1E89A</referredTableID>
<keyObject>84187EA9-EED7-35FB-40E6-84E5D8118C9A</keyObject>
<referredKeyID>84187EA9-EED7-35FB-40E6-84E5D8118C9A</referredKeyID>
<mandatory>true</mandatory>
<refColNames>USR_NME</refColNames>
<transferable>true</transferable>
<rely>false</rely>
<discriminatorColumn>419ECE5A-41C2-7B33-E0C4-4ABA95A72D15</discriminatorColumn>
<columnDependencyConstraintGenerateName>connresponds</columnDependencyConstraintGenerateName>
<columnDependencyConstraintGenerateInDDL>true</columnDependencyConstraintGenerateInDDL>
</FKIndexAssociation>