<?xml version = '1.0' encoding = 'UTF-8'?>
<FKIndexAssociation class="oracle.dbtools.crest.model.design.relational.FKIndexAssociation" directorySegmentName="seg_0" id="C8EAF79D-8864-12B8-1286-2E0F393ED533" containerWithKeyObject="E62EF241-8F3F-8CD4-A9E3-C164C4B2FAED" localFKIndex="D7C474F0-2868-6BBF-A6CD-E830DE8A02AF" name="hasv3">
<createdBy>madlin</createdBy>
<createdTime>2022-08-03 12:56:36 UTC</createdTime>
<ownerDesignName>2NF DMM</ownerDesignName>
<referredTableLongName>ADENNIS8977.STREAMING_HISTORY</referredTableLongName>
<deleteRule>NO ACTION</deleteRule>
<referredTableID>9A965CC3-5B4A-A83B-6D95-51CA93DED436</referredTableID>
<keyObject>FE2823DC-1519-45B7-7804-3262B013810C</keyObject>
<referredKeyID>FE2823DC-1519-45B7-7804-3262B013810C</referredKeyID>
<mandatory>true</mandatory>
<refColNames>TRK_URL</refColNames>
<transferable>true</transferable>
<rely>false</rely>
<columnDependencyConstraintGenerateInDDL>true</columnDependencyConstraintGenerateInDDL>
</FKIndexAssociation>