<?xml version = '1.0' encoding = 'UTF-8'?>
<TableProxyOraclev12c class="oracle.dbtools.crest.model.design.storage.oracle.v12c.TableProxyOraclev12c" name="YOUR_LIBRARY_ALBUM_INFORMATION" directorySegmentName="seg_0" id="15B37ADF-3773-40FD-25F7-32AD012F1247">
<createdBy>madlin</createdBy>
<createdTime>2022-08-01 15:08:51 UTC</createdTime>
<ownerDesignName>3NF DMM</ownerDesignName>
<schemaObject>2F7F0196-0E7A-2F17-9473-16600AF252AF</schemaObject>
<logging>YES</logging>
<partitionedRowMovement>DISABLE</partitionedRowMovement>
<segment>7E72B9BB-138F-7922-2EF2-601ACFC9460D</segment>
<tableSpace>8C5699E1-20EA-2DA3-A635-A76A1BB0C6C8</tableSpace>
<temporaryChanged>false</temporaryChanged>
<accessDriverType>oracle_loader</accessDriverType>
<rejectLimit></rejectLimit>
<inMemory>NO</inMemory>
<columnProxies itemClass="oracle.dbtools.crest.model.design.storage.oracle.v12c.ColumnProxyOraclev12c">
<ColumnProxy name="YOUR_LIBRARY_TRK_URL" id="12DCD144-AEA0-F80F-A77C-2F85FD5CC51D">
<createdBy>madlin</createdBy>
<createdTime>2022-08-03 13:00:12 UTC</createdTime>
<ownerDesignName>3NF DMM</ownerDesignName>
</ColumnProxy>
<ColumnProxy name="ALB" id="5CE193B9-2653-CCB9-705E-2FA16F1F3460">
<createdBy>madlin</createdBy>
<createdTime>2022-08-01 15:08:51 UTC</createdTime>
<ownerDesignName>3NF DMM</ownerDesignName>
</ColumnProxy>
<ColumnProxy name="ALB_ID" id="CBCE6C01-112F-8F74-85D0-A72BF43CED8C">
<createdBy>madlin</createdBy>
<createdTime>2022-08-01 15:08:51 UTC</createdTime>
<ownerDesignName>3NF DMM</ownerDesignName>
</ColumnProxy>
</columnProxies>
<foreignKeys>
<ForeignKey class="oracle.dbtools.crest.model.design.storage.oracle.v10g.FKProxyOraclev10g" name="hasv5" id="98E88CF6-F673-BA10-6623-031932837B58">
<createdBy>madlin</createdBy>
<createdTime>2022-08-03 13:00:12 UTC</createdTime>
<ownerDesignName>3NF DMM</ownerDesignName>
</ForeignKey>
</foreignKeys>
<primaryKeys>
<PrimaryKey class="oracle.dbtools.crest.model.design.storage.oracle.v10g.PKProxyOraclev10g" name="YOUR_LIBRARY_ALBUM_INFORMATION_PK" id="D91F2BDC-BD3E-6CF7-2018-D82886F8C361">
<createdBy>madlin</createdBy>
<createdTime>2022-08-03 12:20:48 UTC</createdTime>
<ownerDesignName>3NF DMM</ownerDesignName>
<indexSort>SORTED</indexSort>
</PrimaryKey>
</primaryKeys>
</TableProxyOraclev12c>