<?xml version = '1.0' encoding = 'UTF-8'?>
<TableProxyOraclev12c class="oracle.dbtools.crest.model.design.storage.oracle.v12c.TableProxyOraclev12c" name="STREAMING_HISTORY_ARTIST_INFORMATION" directorySegmentName="seg_0" id="2EF61EB7-DA39-6A90-254D-3B6F39A53247">
<createdBy>madlin</createdBy>
<createdTime>2022-08-01 15:08:51 UTC</createdTime>
<ownerDesignName>3NF DMM</ownerDesignName>
<schemaObject>2F7F0196-0E7A-2F17-9473-16600AF252AF</schemaObject>
<logging>YES</logging>
<partitionedRowMovement>DISABLE</partitionedRowMovement>
<segment>7E72B9BB-138F-7922-2EF2-601ACFC9460D</segment>
<tableSpace>8C5699E1-20EA-2DA3-A635-A76A1BB0C6C8</tableSpace>
<temporaryChanged>false</temporaryChanged>
<accessDriverType>oracle_loader</accessDriverType>
<rejectLimit></rejectLimit>
<inMemory>NO</inMemory>
<columnProxies itemClass="oracle.dbtools.crest.model.design.storage.oracle.v12c.ColumnProxyOraclev12c">
<ColumnProxy name="STREAMING_HISTORY_TRK_URL" id="11184E6B-70DC-146D-484B-A93CEBB8D2D6">
<createdBy>madlin</createdBy>
<createdTime>2022-08-03 12:59:48 UTC</createdTime>
<ownerDesignName>3NF DMM</ownerDesignName>
</ColumnProxy>
<ColumnProxy name="ART" id="79CC5F71-144A-F9E7-2C4E-E31F45E323FF">
<createdBy>madlin</createdBy>
<createdTime>2022-08-01 15:08:51 UTC</createdTime>
<ownerDesignName>3NF DMM</ownerDesignName>
</ColumnProxy>
<ColumnProxy name="ART_ID" id="DD25724D-5DDF-DD09-9DA9-96F9F6FD6F47">
<createdBy>madlin</createdBy>
<createdTime>2022-08-01 15:08:51 UTC</createdTime>
<ownerDesignName>3NF DMM</ownerDesignName>
</ColumnProxy>
</columnProxies>
<foreignKeys>
<ForeignKey class="oracle.dbtools.crest.model.design.storage.oracle.v10g.FKProxyOraclev10g" name="hasv4" id="6A015BB6-6753-F144-D8FD-2433E44964AB">
<createdBy>madlin</createdBy>
<createdTime>2022-08-03 12:59:48 UTC</createdTime>
<ownerDesignName>3NF DMM</ownerDesignName>
</ForeignKey>
</foreignKeys>
<primaryKeys>
<PrimaryKey class="oracle.dbtools.crest.model.design.storage.oracle.v10g.PKProxyOraclev10g" name="STREAMING_HISTORY_ARTIST_INFORMATION_PK" id="3DC0E199-1075-34B4-A8BD-2C67AEBD8BC8">
<createdBy>madlin</createdBy>
<createdTime>2022-08-03 12:20:43 UTC</createdTime>
<ownerDesignName>3NF DMM</ownerDesignName>
<indexSort>SORTED</indexSort>
</PrimaryKey>
</primaryKeys>
</TableProxyOraclev12c>