<?xml version = '1.0' encoding = 'UTF-8'?>
<TableProxyOraclev12c class="oracle.dbtools.crest.model.design.storage.oracle.v12c.TableProxyOraclev12c" name="YOUR_LIBRARY_ARTIST_INFORMATION" directorySegmentName="seg_0" id="4B924FF9-9A8D-6E4B-3C12-7C4820B82D5B">
<createdBy>madlin</createdBy>
<createdTime>2022-08-01 15:08:51 UTC</createdTime>
<ownerDesignName>3NF DMM</ownerDesignName>
<schemaObject>2F7F0196-0E7A-2F17-9473-16600AF252AF</schemaObject>
<logging>YES</logging>
<partitionedRowMovement>DISABLE</partitionedRowMovement>
<segment>7E72B9BB-138F-7922-2EF2-601ACFC9460D</segment>
<tableSpace>8C5699E1-20EA-2DA3-A635-A76A1BB0C6C8</tableSpace>
<temporaryChanged>false</temporaryChanged>
<accessDriverType>oracle_loader</accessDriverType>
<rejectLimit></rejectLimit>
<inMemory>NO</inMemory>
<columnProxies itemClass="oracle.dbtools.crest.model.design.storage.oracle.v12c.ColumnProxyOraclev12c">
<ColumnProxy name="ALB" id="0B6E3F72-0725-251B-8C4D-8E114188B412">
<createdBy>madlin</createdBy>
<createdTime>2022-08-01 15:08:51 UTC</createdTime>
<ownerDesignName>3NF DMM</ownerDesignName>
</ColumnProxy>
<ColumnProxy name="ALB_ID" id="247D13FC-3184-D54D-0548-ABB62792C143">
<createdBy>madlin</createdBy>
<createdTime>2022-08-01 15:08:51 UTC</createdTime>
<ownerDesignName>3NF DMM</ownerDesignName>
</ColumnProxy>
<ColumnProxy name="YOUR_LIBRARY_TRK_URL" id="3DB724C3-C313-AB94-FA85-042BF8071247">
<createdBy>madlin</createdBy>
<createdTime>2022-08-03 13:00:20 UTC</createdTime>
<ownerDesignName>3NF DMM</ownerDesignName>
</ColumnProxy>
</columnProxies>
<foreignKeys>
<ForeignKey class="oracle.dbtools.crest.model.design.storage.oracle.v10g.FKProxyOraclev10g" name="hasv6" id="8AF9E328-8B68-EB7B-D705-11C3164E7885">
<createdBy>madlin</createdBy>
<createdTime>2022-08-03 13:00:20 UTC</createdTime>
<ownerDesignName>3NF DMM</ownerDesignName>
</ForeignKey>
</foreignKeys>
<primaryKeys>
<PrimaryKey class="oracle.dbtools.crest.model.design.storage.oracle.v10g.PKProxyOraclev10g" name="YOUR_LIBRARY_ARTIST_INFORMATION_PK" id="9E79DC82-D848-4835-2B8C-D98F07639AD6">
<createdBy>madlin</createdBy>
<createdTime>2022-08-03 12:20:52 UTC</createdTime>
<ownerDesignName>3NF DMM</ownerDesignName>
<indexSort>SORTED</indexSort>
</PrimaryKey>
</primaryKeys>
</TableProxyOraclev12c>