<?xml version = '1.0' encoding = 'UTF-8'?>
<TableProxyOraclev12c class="oracle.dbtools.crest.model.design.storage.oracle.v12c.TableProxyOraclev12c" name="PLAYLIST_INFORMATION" directorySegmentName="seg_0" id="5C350320-BDD8-0E31-0ACD-1EBCC893AB98">
<createdBy>madlin</createdBy>
<createdTime>2022-08-01 15:08:51 UTC</createdTime>
<ownerDesignName>3NF DMM</ownerDesignName>
<schemaObject>2F7F0196-0E7A-2F17-9473-16600AF252AF</schemaObject>
<logging>YES</logging>
<partitionedRowMovement>DISABLE</partitionedRowMovement>
<segment>7E72B9BB-138F-7922-2EF2-601ACFC9460D</segment>
<tableSpace>8C5699E1-20EA-2DA3-A635-A76A1BB0C6C8</tableSpace>
<temporaryChanged>false</temporaryChanged>
<accessDriverType>oracle_loader</accessDriverType>
<rejectLimit></rejectLimit>
<inMemory>NO</inMemory>
<columnProxies itemClass="oracle.dbtools.crest.model.design.storage.oracle.v12c.ColumnProxyOraclev12c">
<ColumnProxy name="ART_ID" id="05B33CB2-24BD-5C7C-3136-6C08870DF680">
<createdBy>madlin</createdBy>
<createdTime>2022-08-01 15:08:51 UTC</createdTime>
<ownerDesignName>3NF DMM</ownerDesignName>
</ColumnProxy>
<ColumnProxy name="PL_ID" id="5D43C7F1-ED87-883A-F07B-69723B894BB4">
<createdBy>madlin</createdBy>
<createdTime>2022-08-01 15:08:51 UTC</createdTime>
<ownerDesignName>3NF DMM</ownerDesignName>
</ColumnProxy>
<ColumnProxy name="TRK" id="8D53692A-FEA0-8CC6-B8CD-AF000905B6F1">
<createdBy>madlin</createdBy>
<createdTime>2022-08-01 15:08:51 UTC</createdTime>
<ownerDesignName>3NF DMM</ownerDesignName>
</ColumnProxy>
<ColumnProxy name="ALB_ID" id="B2257FF6-21B9-6575-FE5B-B79F4CD6A410">
<createdBy>madlin</createdBy>
<createdTime>2022-08-01 15:08:51 UTC</createdTime>
<ownerDesignName>3NF DMM</ownerDesignName>
</ColumnProxy>
<ColumnProxy name="PL" id="E07E291F-774A-1011-3F33-446AD00CA8F2">
<createdBy>madlin</createdBy>
<createdTime>2022-08-01 15:08:51 UTC</createdTime>
<ownerDesignName>3NF DMM</ownerDesignName>
</ColumnProxy>
<ColumnProxy name="PLAYLIST_PL_ID" id="E414651C-5E19-5235-C6B9-DF303001AE07">
<createdBy>madlin</createdBy>
<createdTime>2022-08-03 12:42:13 UTC</createdTime>
<ownerDesignName>3NF DMM</ownerDesignName>
</ColumnProxy>
<ColumnProxy name="TRK_URL" id="F02F4B7E-E401-03E6-ADF2-D40F094176C6">
<createdBy>madlin</createdBy>
<createdTime>2022-08-01 15:08:51 UTC</createdTime>
<ownerDesignName>3NF DMM</ownerDesignName>
</ColumnProxy>
</columnProxies>
<foreignKeys>
<ForeignKey class="oracle.dbtools.crest.model.design.storage.oracle.v10g.FKProxyOraclev10g" name="correspondsv2" id="AA5357DA-E2E3-8CAD-AAAE-6DDAC624B467">
<createdBy>madlin</createdBy>
<createdTime>2022-08-03 12:42:13 UTC</createdTime>
<ownerDesignName>3NF DMM</ownerDesignName>
</ForeignKey>
</foreignKeys>
<primaryKeys>
<PrimaryKey class="oracle.dbtools.crest.model.design.storage.oracle.v10g.PKProxyOraclev10g" name="PLAYLIST_INFORMATION_PK" id="70DCAB11-3953-E12A-2FD0-444CFC1E85F2">
<createdBy>madlin</createdBy>
<createdTime>2022-08-03 12:18:32 UTC</createdTime>
<ownerDesignName>3NF DMM</ownerDesignName>
<indexSort>SORTED</indexSort>
</PrimaryKey>
</primaryKeys>
</TableProxyOraclev12c>