<?xml version = '1.0' encoding = 'UTF-8'?>
<TableProxyOraclev12c class="oracle.dbtools.crest.model.design.storage.oracle.v12c.TableProxyOraclev12c" name="STREAMING_HISTORY_PLAYLIST_INFORMATION" directorySegmentName="seg_0" id="E62EF241-8F3F-8CD4-A9E3-C164C4B2FAED">
<createdBy>madlin</createdBy>
<createdTime>2022-08-01 15:08:51 UTC</createdTime>
<ownerDesignName>3NF DMM</ownerDesignName>
<schemaObject>2F7F0196-0E7A-2F17-9473-16600AF252AF</schemaObject>
<logging>YES</logging>
<partitionedRowMovement>DISABLE</partitionedRowMovement>
<segment>7E72B9BB-138F-7922-2EF2-601ACFC9460D</segment>
<tableSpace>8C5699E1-20EA-2DA3-A635-A76A1BB0C6C8</tableSpace>
<temporaryChanged>false</temporaryChanged>
<accessDriverType>oracle_loader</accessDriverType>
<rejectLimit></rejectLimit>
<inMemory>NO</inMemory>
<columnProxies itemClass="oracle.dbtools.crest.model.design.storage.oracle.v12c.ColumnProxyOraclev12c">
<ColumnProxy name="STREAMING_HISTORY_TRK_URL" id="04B9BFDA-7D2D-E6F1-FDBE-C2EF41B9F5E4">
<createdBy>madlin</createdBy>
<createdTime>2022-08-03 12:56:36 UTC</createdTime>
<ownerDesignName>3NF DMM</ownerDesignName>
</ColumnProxy>
<ColumnProxy name="PL" id="18DED9CB-A101-A143-F2B4-8BD186D37A52">
<createdBy>madlin</createdBy>
<createdTime>2022-08-01 15:08:51 UTC</createdTime>
<ownerDesignName>3NF DMM</ownerDesignName>
</ColumnProxy>
<ColumnProxy name="PL_ID" id="7B60BC33-7946-CA3E-9145-61C589A7B7AB">
<createdBy>madlin</createdBy>
<createdTime>2022-08-01 15:08:51 UTC</createdTime>
<ownerDesignName>3NF DMM</ownerDesignName>
</ColumnProxy>
</columnProxies>
<foreignKeys>
<ForeignKey class="oracle.dbtools.crest.model.design.storage.oracle.v10g.FKProxyOraclev10g" name="hasv3" id="D7C474F0-2868-6BBF-A6CD-E830DE8A02AF">
<createdBy>madlin</createdBy>
<createdTime>2022-08-03 12:56:36 UTC</createdTime>
<ownerDesignName>3NF DMM</ownerDesignName>
</ForeignKey>
</foreignKeys>
<primaryKeys>
<PrimaryKey class="oracle.dbtools.crest.model.design.storage.oracle.v10g.PKProxyOraclev10g" name="STREAMING_HISTORY_PLAYLIST_INFORMATION_PK" id="4D9B56F5-3678-A98D-7FFE-8243F267AC5E">
<createdBy>madlin</createdBy>
<createdTime>2022-08-03 12:20:39 UTC</createdTime>
<ownerDesignName>3NF DMM</ownerDesignName>
<indexSort>SORTED</indexSort>
</PrimaryKey>
</primaryKeys>
</TableProxyOraclev12c>