<?xml version = '1.0' encoding = 'UTF-8'?>
<relationalModel class="oracle.dbtools.crest.model.design.relational.RelationalDesign" name="Relational_1" id="C1A2324F-43C5-4173-79B8-A2595B151A07" mainViewID="ACC79FD8-40DE-FCF3-FDB0-D7B93D8E24C2">
<createdBy>madlin</createdBy>
<createdTime>2022-08-01 15:07:33 UTC</createdTime>
<ownerDesignName>1NF DMM</ownerDesignName>
<shouldBeOpen>false</shouldBeOpen>
<selectedRDBMSSite>79C73AAF-E1A7-E669-7DF0-025EE81A2AFC</selectedRDBMSSite>
<importConnectionStamps>
<importConnectionStamp class="oracle.dbtools.crest.imports.DBConnectionStamp">
<connName>Monroe-Oracle</connName>
<connUser>adennis8977</connUser>
<connType>1</connType>
</importConnectionStamp>
</importConnectionStamps>
</relationalModel>