<?xml version = '1.0' encoding = 'UTF-8'?>
<TableProxyOraclev12c class="oracle.dbtools.crest.model.design.storage.oracle.v12c.TableProxyOraclev12c" name="USER_DATA" directorySegmentName="seg_0" id="041D7833-4332-1A4A-219D-37B535811D81">
<createdBy>madlin</createdBy>
<createdTime>2022-08-01 15:08:51 UTC</createdTime>
<ownerDesignName>1NF DMM</ownerDesignName>
<schemaObject>2F7F0196-0E7A-2F17-9473-16600AF252AF</schemaObject>
<logging>YES</logging>
<partitionedRowMovement>DISABLE</partitionedRowMovement>
<segment>7E72B9BB-138F-7922-2EF2-601ACFC9460D</segment>
<tableSpace>8C5699E1-20EA-2DA3-A635-A76A1BB0C6C8</tableSpace>
<temporaryChanged>false</temporaryChanged>
<accessDriverType>oracle_loader</accessDriverType>
<rejectLimit></rejectLimit>
<inMemory>NO</inMemory>
<columnProxies itemClass="oracle.dbtools.crest.model.design.storage.oracle.v12c.ColumnProxyOraclev12c">
<ColumnProxy name="COU" id="1F8622C4-9D42-5CFA-76E2-1EE08BD4BFB4">
<createdBy>madlin</createdBy>
<createdTime>2022-08-01 15:08:51 UTC</createdTime>
<ownerDesignName>1NF DMM</ownerDesignName>
</ColumnProxy>
<ColumnProxy name="CRT_FRM_FB" id="2ED6DD36-CB45-4139-E31C-4A14C82BA608">
<createdBy>madlin</createdBy>
<createdTime>2022-08-01 15:08:51 UTC</createdTime>
<ownerDesignName>1NF DMM</ownerDesignName>
</ColumnProxy>
<ColumnProxy name="EML" id="2F855FCC-CFC0-8E23-C02C-1BB45FD59D11">
<createdBy>madlin</createdBy>
<createdTime>2022-08-01 15:08:51 UTC</createdTime>
<ownerDesignName>1NF DMM</ownerDesignName>
</ColumnProxy>
<ColumnProxy name="GEN" id="4915E926-0DBC-42A1-D772-A21D68E5C3A1">
<createdBy>madlin</createdBy>
<createdTime>2022-08-01 15:08:51 UTC</createdTime>
<ownerDesignName>1NF DMM</ownerDesignName>
</ColumnProxy>
<ColumnProxy name="CRT_TIM" id="60A579F5-47F7-55D7-0E84-EABE4B109311">
<createdBy>madlin</createdBy>
<createdTime>2022-08-01 15:08:51 UTC</createdTime>
<ownerDesignName>1NF DMM</ownerDesignName>
</ColumnProxy>
<ColumnProxy name="BOD" id="8541A5A7-AB01-E1FD-FF8C-14800601E935">
<createdBy>madlin</createdBy>
<createdTime>2022-08-01 15:08:51 UTC</createdTime>
<ownerDesignName>1NF DMM</ownerDesignName>
</ColumnProxy>
<ColumnProxy name="IDENTIFIERS_USR_NME" id="A336CE6C-A93E-A3BA-0024-35C129153A32">
<createdBy>madlin</createdBy>
<createdTime>2022-08-03 12:25:05 UTC</createdTime>
<ownerDesignName>1NF DMM</ownerDesignName>
</ColumnProxy>
<ColumnProxy name="USR_NME" id="D7DB8427-424D-EDC9-8585-4CB396EC964D">
<createdBy>madlin</createdBy>
<createdTime>2022-08-01 15:08:51 UTC</createdTime>
<ownerDesignName>1NF DMM</ownerDesignName>
</ColumnProxy>
</columnProxies>
<foreignKeys>
<ForeignKey class="oracle.dbtools.crest.model.design.storage.oracle.v10g.FKProxyOraclev10g" name="corresponds" id="271A18FD-7BB9-DEEA-1F27-018E5406D0BA">
<createdBy>madlin</createdBy>
<createdTime>2022-08-03 12:25:05 UTC</createdTime>
<ownerDesignName>1NF DMM</ownerDesignName>
</ForeignKey>
</foreignKeys>
<primaryKeys>
<PrimaryKey class="oracle.dbtools.crest.model.design.storage.oracle.v10g.PKProxyOraclev10g" name="USER_DATA_PK" id="420A103C-40E0-CD7D-ABC4-84BEDAB20791">
<createdBy>madlin</createdBy>
<createdTime>2022-08-03 12:17:58 UTC</createdTime>
<ownerDesignName>1NF DMM</ownerDesignName>
<indexSort>SORTED</indexSort>
</PrimaryKey>
</primaryKeys>
<uniqueKeys>
<UniqueKey class="oracle.dbtools.crest.model.design.storage.oracle.v10g.UniqueOraclev10g" name="USER_DATA__UN" id="37FE3131-8A68-44A3-73B7-2E9A4C9B0363">
<createdBy>madlin</createdBy>
<createdTime>2022-08-03 12:34:48 UTC</createdTime>
<ownerDesignName>1NF DMM</ownerDesignName>
<indexSort>SORTED</indexSort>
</UniqueKey>
</uniqueKeys>
</TableProxyOraclev12c>