<?xml version = '1.0' encoding = 'UTF-8'?>
<TableProxyOraclev12c class="oracle.dbtools.crest.model.design.storage.oracle.v12c.TableProxyOraclev12c" name="IDENTITY" directorySegmentName="seg_0" id="6BFA1EEC-B51E-68F1-D228-4E339219C2DD">
<createdBy>madlin</createdBy>
<createdTime>2022-08-01 15:08:51 UTC</createdTime>
<ownerDesignName>1NF DMM</ownerDesignName>
<schemaObject>2F7F0196-0E7A-2F17-9473-16600AF252AF</schemaObject>
<logging>YES</logging>
<partitionedRowMovement>DISABLE</partitionedRowMovement>
<segment>7E72B9BB-138F-7922-2EF2-601ACFC9460D</segment>
<tableSpace>8C5699E1-20EA-2DA3-A635-A76A1BB0C6C8</tableSpace>
<temporaryChanged>false</temporaryChanged>
<accessDriverType>oracle_loader</accessDriverType>
<rejectLimit></rejectLimit>
<inMemory>NO</inMemory>
<columnProxies itemClass="oracle.dbtools.crest.model.design.storage.oracle.v12c.ColumnProxyOraclev12c">
<ColumnProxy name="VRY" id="0952C574-31D1-5C20-BA66-8B3FD3B271D3">
<createdBy>madlin</createdBy>
<createdTime>2022-08-01 15:08:51 UTC</createdTime>
<ownerDesignName>1NF DMM</ownerDesignName>
</ColumnProxy>
<ColumnProxy name="USR_NME" id="4E1A26FE-72E9-80E0-CE24-890CEE67F246">
<createdBy>madlin</createdBy>
<createdTime>2022-08-01 15:08:51 UTC</createdTime>
<ownerDesignName>1NF DMM</ownerDesignName>
</ColumnProxy>
<ColumnProxy name="LRG_IMG_URL" id="73D41C69-6D19-CD35-8293-F13BEC35836D">
<createdBy>madlin</createdBy>
<createdTime>2022-08-01 15:08:51 UTC</createdTime>
<ownerDesignName>1NF DMM</ownerDesignName>
</ColumnProxy>
<ColumnProxy name="TAS_MKR" id="9768F1B7-DB69-4E93-335C-22798BE22350">
<createdBy>madlin</createdBy>
<createdTime>2022-08-01 15:08:51 UTC</createdTime>
<ownerDesignName>1NF DMM</ownerDesignName>
</ColumnProxy>
<ColumnProxy name="DPL_NME" id="A717E355-4517-1A67-BCE1-9F84C6B58D5C">
<createdBy>madlin</createdBy>
<createdTime>2022-08-01 15:08:51 UTC</createdTime>
<ownerDesignName>1NF DMM</ownerDesignName>
</ColumnProxy>
<ColumnProxy name="IMG_URL" id="E6807FA2-D61D-22E4-C469-FFC18C97F9FB">
<createdBy>madlin</createdBy>
<createdTime>2022-08-01 15:08:51 UTC</createdTime>
<ownerDesignName>1NF DMM</ownerDesignName>
</ColumnProxy>
<ColumnProxy name="IDENTIFIERS_USR_NME" id="F827E0D9-0124-DC02-BAB6-4D92C8514B30">
<createdBy>madlin</createdBy>
<createdTime>2022-08-03 12:33:38 UTC</createdTime>
<ownerDesignName>1NF DMM</ownerDesignName>
</ColumnProxy>
</columnProxies>
<foreignKeys>
<ForeignKey class="oracle.dbtools.crest.model.design.storage.oracle.v10g.FKProxyOraclev10g" name="correspondsv1" id="6B8BC469-D41D-6D25-A034-CA2B7A41A7EA">
<createdBy>madlin</createdBy>
<createdTime>2022-08-03 12:33:38 UTC</createdTime>
<ownerDesignName>1NF DMM</ownerDesignName>
</ForeignKey>
</foreignKeys>
<primaryKeys>
<PrimaryKey class="oracle.dbtools.crest.model.design.storage.oracle.v10g.PKProxyOraclev10g" name="IDENTITY_PK" id="915C6912-8099-ED54-AB01-E5C2E46DD37E">
<createdBy>madlin</createdBy>
<createdTime>2022-08-03 12:18:08 UTC</createdTime>
<ownerDesignName>1NF DMM</ownerDesignName>
<indexSort>SORTED</indexSort>
</PrimaryKey>
</primaryKeys>
<uniqueKeys>
<UniqueKey class="oracle.dbtools.crest.model.design.storage.oracle.v10g.UniqueOraclev10g" name="IDENTITY__UN" id="5704B97C-A14E-F266-E690-7548F87D6F9D">
<createdBy>madlin</createdBy>
<createdTime>2022-08-03 12:34:23 UTC</createdTime>
<ownerDesignName>1NF DMM</ownerDesignName>
<indexSort>SORTED</indexSort>
</UniqueKey>
</uniqueKeys>
</TableProxyOraclev12c>