<?xml version = '1.0' encoding = 'UTF-8'?>
<TableProxyOraclev12c class="oracle.dbtools.crest.model.design.storage.oracle.v12c.TableProxyOraclev12c" name="STREAMING_HISTORY" directorySegmentName="seg_0" id="9A965CC3-5B4A-A83B-6D95-51CA93DED436">
<createdBy>madlin</createdBy>
<createdTime>2022-08-01 15:08:51 UTC</createdTime>
<ownerDesignName>1NF DMM</ownerDesignName>
<schemaObject>2F7F0196-0E7A-2F17-9473-16600AF252AF</schemaObject>
<logging>YES</logging>
<partitionedRowMovement>DISABLE</partitionedRowMovement>
<segment>7E72B9BB-138F-7922-2EF2-601ACFC9460D</segment>
<tableSpace>8C5699E1-20EA-2DA3-A635-A76A1BB0C6C8</tableSpace>
<temporaryChanged>false</temporaryChanged>
<accessDriverType>oracle_loader</accessDriverType>
<rejectLimit></rejectLimit>
<inMemory>NO</inMemory>
<columnProxies itemClass="oracle.dbtools.crest.model.design.storage.oracle.v12c.ColumnProxyOraclev12c">
<ColumnProxy name="ART_ID" id="0A7BCB1A-F9BF-09F4-DC43-649DB8858D39">
<createdBy>madlin</createdBy>
<createdTime>2022-08-01 15:08:51 UTC</createdTime>
<ownerDesignName>1NF DMM</ownerDesignName>
</ColumnProxy>
<ColumnProxy name="ART" id="4101A316-44B9-84B7-D634-F7AE02867DB5">
<createdBy>madlin</createdBy>
<createdTime>2022-08-03 14:04:12 UTC</createdTime>
<ownerDesignName>1NF DMM</ownerDesignName>
</ColumnProxy>
<ColumnProxy name="PL_ID" id="456C997C-9757-BD48-5092-2BFA02844FC8">
<createdBy>madlin</createdBy>
<createdTime>2022-08-01 15:08:51 UTC</createdTime>
<ownerDesignName>1NF DMM</ownerDesignName>
</ColumnProxy>
<ColumnProxy name="PLAYLIST_PL_ID" id="67D60861-C45B-D11B-F1A0-7909A2755744">
<createdBy>madlin</createdBy>
<createdTime>2022-08-03 12:52:17 UTC</createdTime>
<ownerDesignName>1NF DMM</ownerDesignName>
</ColumnProxy>
<ColumnProxy name="PL" id="68C45D6E-D259-7384-D77A-25BB2A230323">
<createdBy>madlin</createdBy>
<createdTime>2022-08-03 14:04:26 UTC</createdTime>
<ownerDesignName>1NF DMM</ownerDesignName>
</ColumnProxy>
<ColumnProxy name="TRK" id="74CDD7B8-F34F-6451-876C-4B12D2C45FC9">
<createdBy>madlin</createdBy>
<createdTime>2022-08-01 15:08:51 UTC</createdTime>
<ownerDesignName>1NF DMM</ownerDesignName>
</ColumnProxy>
<ColumnProxy name="TRK_URL" id="A78060BD-95F2-965E-AF1A-9A53441A3E55">
<createdBy>madlin</createdBy>
<createdTime>2022-08-01 15:08:51 UTC</createdTime>
<ownerDesignName>1NF DMM</ownerDesignName>
</ColumnProxy>
<ColumnProxy name="ED_TME" id="C98B247E-00C9-46CA-AE71-BD042C24582F">
<createdBy>madlin</createdBy>
<createdTime>2022-08-01 15:08:51 UTC</createdTime>
<ownerDesignName>1NF DMM</ownerDesignName>
</ColumnProxy>
<ColumnProxy name="MLS_PLD" id="D76258F2-161B-C642-09FB-D87BC34A87D0">
<createdBy>madlin</createdBy>
<createdTime>2022-08-01 15:08:51 UTC</createdTime>
<ownerDesignName>1NF DMM</ownerDesignName>
</ColumnProxy>
</columnProxies>
<foreignKeys>
<ForeignKey class="oracle.dbtools.crest.model.design.storage.oracle.v10g.FKProxyOraclev10g" name="relates" id="45A28414-F144-A350-5542-50D18AD762CF">
<createdBy>madlin</createdBy>
<createdTime>2022-08-03 12:52:17 UTC</createdTime>
<ownerDesignName>1NF DMM</ownerDesignName>
</ForeignKey>
</foreignKeys>
<primaryKeys>
<PrimaryKey class="oracle.dbtools.crest.model.design.storage.oracle.v10g.PKProxyOraclev10g" name="STREAMING_HISTORY_PK" id="FE2823DC-1519-45B7-7804-3262B013810C">
<createdBy>madlin</createdBy>
<createdTime>2022-08-03 12:18:54 UTC</createdTime>
<ownerDesignName>1NF DMM</ownerDesignName>
<indexSort>SORTED</indexSort>
</PrimaryKey>
</primaryKeys>
</TableProxyOraclev12c>