<?xml version = '1.0' encoding = 'UTF-8'?>
<FKIndexAssociation class="oracle.dbtools.crest.model.design.relational.FKIndexAssociation" directorySegmentName="seg_0" id="1F323E6D-63ED-DF22-8EDD-511703180C30" containerWithKeyObject="4B924FF9-9A8D-6E4B-3C12-7C4820B82D5B" localFKIndex="8AF9E328-8B68-EB7B-D705-11C3164E7885" name="hasv6">
<createdBy>madlin</createdBy>
<createdTime>2022-08-03 13:00:20 UTC</createdTime>
<ownerDesignName>3NF DMM</ownerDesignName>
<referredTableLongName>ADENNIS8977.YOUR_LIBRARY</referredTableLongName>
<deleteRule>NO ACTION</deleteRule>
<referredTableID>C64AB2E2-9C68-3458-8799-3F1C9BC62730</referredTableID>
<keyObject>D91CC6ED-4D9A-8FBB-066E-3060149BAF03</keyObject>
<referredKeyID>D91CC6ED-4D9A-8FBB-066E-3060149BAF03</referredKeyID>
<mandatory>true</mandatory>
<refColNames>TRK_URL</refColNames>
<transferable>true</transferable>
<rely>false</rely>
<columnDependencyConstraintGenerateInDDL>true</columnDependencyConstraintGenerateInDDL>
</FKIndexAssociation>