<?xml version = '1.0' encoding = 'UTF-8'?>
<FKIndexAssociation class="oracle.dbtools.crest.model.design.relational.FKIndexAssociation" directorySegmentName="seg_0" id="3A78E464-191C-A196-D9C3-8FC9723ED2E4" containerWithKeyObject="550E0739-6598-A4B6-482E-97A69707D758" localFKIndex="CBE74DD6-4CCA-F076-02DA-8B477A089D1B" name="hasv1">
<createdBy>madlin</createdBy>
<createdTime>2022-08-03 12:42:54 UTC</createdTime>
<ownerDesignName>3NF DMM</ownerDesignName>
<referredTableLongName>ADENNIS8977.PLAYLIST_INFORMATION</referredTableLongName>
<deleteRule>NO ACTION</deleteRule>
<referredTableID>5C350320-BDD8-0E31-0ACD-1EBCC893AB98</referredTableID>
<keyObject>70DCAB11-3953-E12A-2FD0-444CFC1E85F2</keyObject>
<referredKeyID>70DCAB11-3953-E12A-2FD0-444CFC1E85F2</referredKeyID>
<mandatory>true</mandatory>
<refColNames>PL_ID</refColNames>
<transferable>true</transferable>
<rely>false</rely>
<columnDependencyConstraintGenerateInDDL>true</columnDependencyConstraintGenerateInDDL>
</FKIndexAssociation>