<?xml version = '1.0' encoding = 'UTF-8'?>
<FKIndexAssociation class="oracle.dbtools.crest.model.design.relational.FKIndexAssociation" directorySegmentName="seg_0" id="5C0327F9-76AC-87A5-F719-311911CE6C6C" containerWithKeyObject="6BFA1EEC-B51E-68F1-D228-4E339219C2DD" localFKIndex="6B8BC469-D41D-6D25-A034-CA2B7A41A7EA" name="correspondsv1">
<createdBy>madlin</createdBy>
<createdTime>2022-08-03 12:33:38 UTC</createdTime>
<ownerDesignName>3NF DMM</ownerDesignName>
<referredTableLongName>ADENNIS8977.IDENTIFIERS</referredTableLongName>
<deleteRule>NO ACTION</deleteRule>
<referredTableID>531377C5-BBAD-A546-3AD8-754314F1E89A</referredTableID>
<keyObject>84187EA9-EED7-35FB-40E6-84E5D8118C9A</keyObject>
<referredKeyID>84187EA9-EED7-35FB-40E6-84E5D8118C9A</referredKeyID>
<mandatory>true</mandatory>
<refColNames>USR_NME</refColNames>
<transferable>true</transferable>
<rely>false</rely>
<columnDependencyConstraintGenerateName>corresponds</columnDependencyConstraintGenerateName>
<columnDependencyConstraintGenerateInDDL>true</columnDependencyConstraintGenerateInDDL>
</FKIndexAssociation>