<?xml version = '1.0' encoding = 'UTF-8'?>
<FKIndexAssociation class="oracle.dbtools.crest.model.design.relational.FKIndexAssociation" directorySegmentName="seg_0" id="6ED5A087-332D-7070-1809-D0252B38F699" containerWithKeyObject="29AC3B66-E6F2-E008-AD50-9D8147A87A15" localFKIndex="720A34F8-BA0A-B5B9-03A2-20A409DFBE5B" name="has">
<createdBy>madlin</createdBy>
<createdTime>2022-08-03 12:35:16 UTC</createdTime>
<ownerDesignName>3NF DMM</ownerDesignName>
<referredTableLongName>ADENNIS8977.USER_DATA</referredTableLongName>
<deleteRule>NO ACTION</deleteRule>
<referredTableID>041D7833-4332-1A4A-219D-37B535811D81</referredTableID>
<keyObject>420A103C-40E0-CD7D-ABC4-84BEDAB20791</keyObject>
<referredKeyID>420A103C-40E0-CD7D-ABC4-84BEDAB20791</referredKeyID>
<mandatory>true</mandatory>
<refColNames>USR_NME</refColNames>
<transferable>true</transferable>
<rely>false</rely>
<columnDependencyConstraintGenerateName>has</columnDependencyConstraintGenerateName>
<columnDependencyConstraintGenerateInDDL>true</columnDependencyConstraintGenerateInDDL>
</FKIndexAssociation>