<?xml version = '1.0' encoding = 'UTF-8'?>
<FKIndexAssociation class="oracle.dbtools.crest.model.design.relational.FKIndexAssociation" directorySegmentName="seg_0" id="81F16AA4-0032-6B45-8F62-C8ABCBFFDAD1" containerWithKeyObject="BE1EB35B-022A-EE74-AF25-311D7F544DE9" localFKIndex="9F656806-4916-2810-3850-A4C05DA5361C" name="hasv2">
<createdBy>madlin</createdBy>
<createdTime>2022-08-03 12:43:11 UTC</createdTime>
<ownerDesignName>3NF DMM</ownerDesignName>
<referredTableLongName>ADENNIS8977.PLAYLIST_INFORMATION</referredTableLongName>
<deleteRule>NO ACTION</deleteRule>
<referredTableID>5C350320-BDD8-0E31-0ACD-1EBCC893AB98</referredTableID>
<keyObject>70DCAB11-3953-E12A-2FD0-444CFC1E85F2</keyObject>
<referredKeyID>70DCAB11-3953-E12A-2FD0-444CFC1E85F2</referredKeyID>
<mandatory>true</mandatory>
<refColNames>PL_ID</refColNames>
<transferable>true</transferable>
<rely>false</rely>
<columnDependencyConstraintGenerateInDDL>true</columnDependencyConstraintGenerateInDDL>
</FKIndexAssociation>