<?xml version = '1.0' encoding = 'UTF-8'?>
<FKIndexAssociation class="oracle.dbtools.crest.model.design.relational.FKIndexAssociation" directorySegmentName="seg_0" id="89F160D7-FA21-DDC7-486E-3F34513B789D" containerWithKeyObject="15B37ADF-3773-40FD-25F7-32AD012F1247" localFKIndex="98E88CF6-F673-BA10-6623-031932837B58" name="hasv5">
<createdBy>madlin</createdBy>
<createdTime>2022-08-03 13:00:12 UTC</createdTime>
<ownerDesignName>3NF DMM</ownerDesignName>
<referredTableLongName>ADENNIS8977.YOUR_LIBRARY</referredTableLongName>
<deleteRule>NO ACTION</deleteRule>
<referredTableID>C64AB2E2-9C68-3458-8799-3F1C9BC62730</referredTableID>
<keyObject>D91CC6ED-4D9A-8FBB-066E-3060149BAF03</keyObject>
<referredKeyID>D91CC6ED-4D9A-8FBB-066E-3060149BAF03</referredKeyID>
<mandatory>true</mandatory>
<refColNames>TRK_URL</refColNames>
<transferable>true</transferable>
<rely>false</rely>
<columnDependencyConstraintGenerateInDDL>true</columnDependencyConstraintGenerateInDDL>
</FKIndexAssociation>